,Symbol,Series,Date,Prev Close,Open Price,High Price,Low Price,Last Price,Close Price,Average Price,Total Traded Quantity,Turnover,No. of Trades,Deliverable Qty,% Dly Qt to Traded Qty,Month,Year,VWAP,Day_Perc_Change,Trend
0,M&amp;M,EQ,2017-05-15,1367.85,1373.0,1386.65,1370.0,1374.8,1375.65,1378.31,558190,769357918.15,38442,386664,69.27,5,2017,1375.65,0.0,Slight or No change
1,M&amp;M,EQ,2017-05-16,1375.65,1377.0,1380.5,1363.1,1364.15,1366.35,1371.22,516012,707563396.95,29075,334469,64.82,5,2017,1371.1825799058277,-0.006760440519027466,Slight or No change
2,M&amp;M,EQ,2017-05-17,1366.35,1363.0,1384.35,1360.4,1379.0,1378.8,1378.56,920884,1269496569.5,32299,689649,74.89,5,2017,1374.6985989075156,0.009111867383906125,Slight or No change
3,M&amp;M,EQ,2017-05-18,1378.8,1369.0,1372.0,1347.5,1347.5,1352.85,1361.7,1217846,1658344015.4,20476,1043736,85.7,5,2017,1366.4169954421693,-0.018820713664055688,Slight or No change
4,M&amp;M,EQ,2017-05-19,1352.85,1350.0,1357.6,1328.5,1338.2,1333.4,1344.8,976742,1313521664.4,36297,773590,79.2,5,2017,1358.7197172858796,-0.014377055845067654,Slight or No change
5,M&amp;M,EQ,2017-05-22,1333.4,1340.15,1341.95,1301.1,1307.0,1306.25,1313.89,436797,573901073.9,26521,261661,59.9,5,2017,1353.7659166241397,-0.020361481925903813,Slight or No change
6,M&amp;M,EQ,2017-05-23,1306.25,1315.0,1338.35,1300.0,1328.35,1331.75,1324.9,780182,1033663448.9,40561,445992,57.17,5,2017,1350.5890118248758,0.019521531100478384,Slight or No change
7,M&amp;M,EQ,2017-05-24,1331.75,1331.5,1338.8,1301.45,1308.0,1308.65,1314.05,625683,822180435.0,29997,382266,61.1,5,2017,1346.239034181783,-0.01734559789750323,Slight or No change
8,M&amp;M,EQ,2017-05-25,1308.65,1311.0,1335.9,1304.0,1335.9,1327.5,1321.97,1456698,1925707945.3,60911,1095811,75.23,5,2017,1342.594089638263,0.014404156955641234,Slight or No change
9,M&amp;M,EQ,2017-05-26,1327.5,1334.0,1348.9,1327.5,1341.0,1340.85,1339.17,335223,448919973.95,16125,156414,46.66,5,2017,1342.5193657429709,0.010056497175141121,Slight or No change
10,M&amp;M,EQ,2017-05-29,1340.85,1345.0,1375.75,1327.4,1362.9,1360.05,1353.03,1058764,1432543453.9,37535,603995,57.05,5,2017,1344.6088355808233,0.014319275086698724,Slight or No change
11,M&amp;M,EQ,2017-05-30,1360.05,1364.0,1379.0,1342.3,1367.65,1361.1,1362.54,2223885,3030140652.25,68059,815525,36.67,5,2017,1347.9107860235786,0.0007720304400573585,Slight or No change
12,M&amp;M,EQ,2017-05-31,1361.1,1392.5,1448.5,1392.0,1413.7,1416.95,1424.14,3941786,5613656174.25,146225,1848666,46.9,5,2017,1365.9946040127609,0.041032988024392036,Slight or No change
13,M&amp;M,EQ,2017-06-01,1416.95,1430.0,1441.0,1416.1,1426.65,1425.25,1429.3,1712339,2447442775.9,55540,1120694,65.45,6,2017,1372.048248654871,0.0058576519990118925,Slight or No change
14,M&amp;M,EQ,2017-06-02,1425.25,1430.0,1434.75,1409.0,1421.95,1418.5,1425.52,1442389,2056158309.1,57116,1022592,70.9,6,2017,1375.728957838692,-0.004736011226100678,Slight or No change
15,M&amp;M,EQ,2017-06-05,1418.5,1424.95,1432.5,1421.1,1423.0,1423.7,1427.16,1151951,1644020715.35,49138,966825,83.93,6,2017,1378.5839943031833,0.0036658442016215265,Slight or No change
16,M&amp;M,EQ,2017-06-06,1423.7,1423.05,1429.85,1404.15,1409.0,1411.45,1410.94,803816,1134133210.95,24783,595729,74.11,6,2017,1379.8944747920639,-0.008604340802135235,Slight or No change
17,M&amp;M,EQ,2017-06-07,1411.45,1423.15,1451.1,1413.55,1430.0,1431.9,1438.06,1904689,2739057164.95,74038,1150446,60.4,6,2017,1384.3839104561685,0.01448864642743275,Slight or No change
18,M&amp;M,EQ,2017-06-08,1431.9,1433.5,1440.0,1410.1,1416.0,1417.5,1418.61,849201,1204683317.95,31059,542704,63.91,6,2017,1385.611253966458,-0.010056568196103122,Slight or No change
19,M&amp;M,EQ,2017-06-09,1417.5,1418.0,1434.7,1414.1,1427.0,1426.7,1427.36,908631,1296942193.6,45358,678656,74.69,6,2017,1387.1785013022577,0.006490299823633139,Slight or No change
20,M&amp;M,EQ,2017-06-12,1426.7,1435.0,1458.95,1415.0,1425.0,1423.55,1436.19,1911487,2745262445.75,43194,1123387,58.77,6,2017,1389.880211949974,-0.0022078923389641236,Slight or No change
21,M&amp;M,EQ,2017-06-13,1423.55,1433.0,1439.85,1414.0,1416.9,1417.65,1426.82,983018,1402592468.65,37872,624543,63.53,6,2017,1390.9019960444994,-0.004144568157071982,Slight or No change
22,M&amp;M,EQ,2017-06-14,1417.65,1430.0,1432.85,1401.1,1403.45,1405.2,1410.64,942385,1329370572.85,48226,625033,66.32,6,2017,1391.389158280908,-0.008782139456142257,Slight or No change
23,M&amp;M,EQ,2017-06-15,1405.2,1409.0,1414.0,1378.85,1389.85,1387.65,1391.97,1567392,2181769486.15,44283,1157519,73.85,6,2017,1391.1886269464271,-0.012489325362937675,Slight or No change
24,M&amp;M,EQ,2017-06-16,1387.65,1398.2,1409.35,1383.3,1384.0,1387.3,1395.65,1650375,2303340191.4,41816,1308289,79.27,6,2017,1390.9807756434413,-0.0002522249846864666,Slight or No change
25,M&amp;M,EQ,2017-06-19,1387.3,1393.0,1405.0,1383.75,1386.0,1388.25,1393.69,1112550,1550548333.6,41169,835879,75.13,6,2017,1390.8858013549384,0.000684783392200794,Slight or No change
26,M&amp;M,EQ,2017-06-20,1388.25,1394.6,1399.0,1385.0,1386.7,1389.45,1390.46,939704,1306622140.2,48781,737146,78.44,6,2017,1390.844827019621,0.0008643976229065764,Slight or No change
27,M&amp;M,EQ,2017-06-21,1389.45,1392.7,1395.4,1380.95,1383.0,1387.15,1386.75,1494718,2072792836.95,45285,1134404,75.89,6,2017,1390.6843915437369,-0.0016553312461765612,Slight or No change
28,M&amp;M,EQ,2017-06-22,1387.15,1385.0,1407.2,1381.7,1397.2,1396.3,1397.62,1128366,1577031003.75,39841,645065,57.17,6,2017,1390.8626238397078,0.0065962585156615905,Slight or No change
29,M&amp;M,EQ,2017-06-23,1396.3,1400.0,1418.25,1370.1,1382.0,1376.2,1393.99,1220802,1701779938.2,48080,605566,49.6,6,2017,1390.3758427376654,-0.01439518728067024,Slight or No change
30,M&amp;M,EQ,2017-06-27,1376.2,1393.3,1394.5,1365.0,1368.95,1370.3,1379.19,1668109,2300640429.95,39979,1231722,73.84,6,2017,1389.5046627415995,-0.004287167562854299,Slight or No change
31,M&amp;M,EQ,2017-06-28,1370.3,1370.0,1375.0,1348.75,1353.0,1356.05,1358.35,827917,1124602077.0,28578,524256,63.32,6,2017,1388.7993222741134,-0.010399182660731254,Slight or No change
32,M&amp;M,EQ,2017-06-29,1356.05,1360.0,1379.1,1352.15,1360.1,1355.65,1364.33,936894,1278234629.6,40064,603955,64.46,6,2017,1388.0268543511231,-0.00029497437410119787,Slight or No change
33,M&amp;M,EQ,2017-06-30,1355.65,1355.0,1358.85,1345.1,1355.0,1348.6,1349.78,954758,1288711224.3,24904,675209,70.72,6,2017,1387.112302911773,-0.00520045734518515,Slight or No change
34,M&amp;M,EQ,2017-07-03,1348.6,1356.0,1372.0,1343.0,1364.1,1366.45,1365.38,1023959,1398092391.75,27860,673334,65.76,7,2017,1386.6107554101732,0.013235948390924124,Slight or No change
35,M&amp;M,EQ,2017-07-04,1366.45,1365.0,1377.0,1351.7,1355.0,1355.15,1362.67,430180,586194939.1,18659,261784,60.85,7,2017,1386.293167633877,-0.0082696037176625,Slight or No change
36,M&amp;M,EQ,2017-07-05,1355.15,1365.0,1395.4,1361.5,1383.0,1385.0,1384.49,1216606,1684373320.1,41595,570632,46.9,7,2017,1386.2572734474163,0.022027081872855403,Slight or No change
37,M&amp;M,EQ,2017-07-06,1385.0,1393.7,1393.7,1370.0,1370.95,1376.05,1384.15,780888,1080869932.75,32579,545196,69.82,7,2017,1386.0786046985852,-0.006462093862815932,Slight or No change
38,M&amp;M,EQ,2017-07-07,1376.05,1370.4,1393.85,1370.4,1376.0,1376.0,1383.17,658350,910607919.25,29442,464666,70.58,7,2017,1385.9320346726809,-3.633588895746165e-05,Slight or No change
39,M&amp;M,EQ,2017-07-10,1376.0,1344.45,1400.0,1344.45,1366.0,1367.4,1367.34,436811,597270472.1,9688,351940,80.57,7,2017,1385.7549283066787,-0.006249999999999978,Slight or No change
40,M&amp;M,EQ,2017-07-11,1367.4,1374.0,1395.0,1373.95,1390.0,1390.15,1390.85,2073421,2883812276.75,62838,1705292,82.25,7,2017,1385.9456515808013,0.01663741407049879,Slight or No change
41,M&amp;M,EQ,2017-07-12,1390.15,1395.0,1396.1,1375.0,1376.0,1376.7,1383.89,736026,1018578242.95,38796,515386,70.02,7,2017,1385.8053889771434,-0.009675214904866447,Slight or No change
42,M&amp;M,EQ,2017-07-13,1376.7,1369.7,1379.0,1366.05,1369.0,1370.4,1371.53,794838,1090144353.7,32543,604713,76.08,7,2017,1385.5570727088675,-0.004576160383525818,Slight or No change
43,M&amp;M,EQ,2017-07-14,1370.4,1377.95,1382.45,1369.0,1373.1,1375.55,1377.05,653673,900141583.2,19412,385533,58.98,7,2017,1385.4261538306816,0.003758026853473373,Slight or No change
44,M&amp;M,EQ,2017-07-17,1375.55,1380.0,1405.4,1378.3,1381.95,1384.6,1393.96,1313078,1830383721.2,40678,705556,53.73,7,2017,1385.404998478588,0.00657918650721534,Slight or No change
45,M&amp;M,EQ,2017-07-18,1384.6,1381.95,1401.95,1377.0,1383.5,1380.15,1385.23,822868,1139863650.65,21635,583077,70.86,7,2017,1385.3220023755455,-0.0032139245991620324,Slight or No change
46,M&amp;M,EQ,2017-07-19,1380.15,1388.0,1393.0,1377.15,1381.25,1382.4,1383.72,1897894,2626152654.45,32733,1576431,83.06,7,2017,1385.2193028091845,0.0016302575806976805,Slight or No change
47,M&amp;M,EQ,2017-07-20,1382.4,1387.0,1397.8,1381.3,1391.0,1393.45,1390.38,902218,1254424095.6,26288,636732,70.57,7,2017,1385.3545623509947,0.00799334490740744,Slight or No change
48,M&amp;M,EQ,2017-07-21,1393.45,1394.0,1398.0,1365.75,1382.5,1386.05,1382.3,700993,968981558.95,25040,384806,54.89,7,2017,1385.3633299681062,-0.0053105601205640784,Slight or No change
49,M&amp;M,EQ,2017-07-24,1386.05,1385.8,1391.95,1375.0,1390.0,1388.95,1386.45,580661,805057683.25,17896,412851,71.1,7,2017,1385.400399054712,0.0020922766133979476,Slight or No change
50,M&amp;M,EQ,2017-07-25,1388.95,1391.2,1396.1,1386.3,1389.8,1389.8,1390.25,720938,1002282593.95,31303,524103,72.7,7,2017,1385.456139646562,0.0006119730731846129,Slight or No change
51,M&amp;M,EQ,2017-07-26,1389.8,1390.7,1420.2,1389.05,1413.5,1413.5,1410.26,1267793,1787917805.05,54494,808931,63.81,7,2017,1386.0673304257982,0.017052813354439422,Slight or No change
52,M&amp;M,EQ,2017-07-27,1413.5,1420.0,1423.75,1395.0,1402.0,1398.2,1404.81,1933565,2716291896.3,54857,1556956,80.52,7,2017,1386.457636182269,-0.010824195259992897,Slight or No change
53,M&amp;M,EQ,2017-07-28,1398.2,1398.0,1398.0,1376.25,1383.1,1392.2,1389.58,401658,558135356.55,24883,207552,51.67,7,2017,1386.4957554341884,-0.00429123158346445,Slight or No change
54,M&amp;M,EQ,2017-07-31,1392.2,1393.3,1409.0,1380.1,1406.0,1403.3,1397.12,510904,713794219.2,22932,260406,50.97,7,2017,1386.6364585941365,0.007972992386151345,Slight or No change
55,M&amp;M,EQ,2017-08-01,1403.3,1415.0,1433.4,1403.3,1429.95,1429.25,1423.41,1941740,2763895765.0,34253,1415781,72.91,8,2017,1387.9507122496468,0.018492125703698514,Slight or No change
56,M&amp;M,EQ,2017-08-02,1429.25,1430.6,1433.65,1408.3,1410.0,1414.6,1419.34,476469,676272724.1,21874,236693,49.68,8,2017,1388.1508764581731,-0.010250131187685918,Slight or No change
57,M&amp;M,EQ,2017-08-03,1414.6,1418.4,1421.65,1404.1,1416.55,1416.5,1413.36,563019,795747380.3,31095,285835,50.77,8,2017,1388.4002735077584,0.001343135868796974,Slight or No change
58,M&amp;M,EQ,2017-08-04,1416.5,1420.0,1424.4,1395.1,1419.0,1418.05,1406.9,2237324,3147688738.05,49015,1082782,48.4,8,2017,1389.4017830733796,0.001094246381927233,Slight or No change
59,M&amp;M,EQ,2017-08-07,1418.05,1390.0,1430.0,1384.95,1401.0,1400.75,1409.03,1493977,2105063229.3,46100,774724,51.86,8,2017,1389.6521000166633,-0.012199851909312054,Slight or No change
60,M&amp;M,EQ,2017-08-08,1400.75,1400.05,1416.55,1390.25,1399.7,1400.0,1400.99,852827,1194802525.35,33833,486755,57.08,8,2017,1389.780776020703,-0.0005354274495805722,Slight or No change
61,M&amp;M,EQ,2017-08-09,1400.0,1397.5,1406.6,1384.4,1390.0,1392.3,1395.81,771111,1076327280.6,32601,529597,68.68,8,2017,1389.8087859711916,-0.00550000000000006,Slight or No change
62,M&amp;M,EQ,2017-08-10,1392.3,1386.0,1395.8,1380.0,1395.0,1387.05,1386.52,816173,1131639711.9,35937,529156,64.83,8,2017,1389.776697586274,-0.0037707390648566985,Slight or No change
63,M&amp;M,EQ,2017-08-11,1387.05,1380.0,1386.1,1340.0,1350.0,1348.05,1359.31,1126510,1531275054.95,37921,718583,63.79,8,2017,1389.1174023907574,-0.02811722720882448,Slight or No change
64,M&amp;M,EQ,2017-08-14,1348.05,1354.7,1370.9,1347.6,1356.15,1355.75,1357.06,685342,930046854.3,50845,404763,59.06,8,2017,1388.7997107005797,0.005711954304365552,Slight or No change
65,M&amp;M,EQ,2017-08-16,1355.75,1361.9,1376.45,1348.35,1368.0,1371.2,1366.59,744908,1017986385.25,43408,512155,68.75,8,2017,1388.6194450162563,0.011395906324912497,Slight or No change
66,M&amp;M,EQ,2017-08-17,1371.2,1372.0,1374.95,1358.6,1366.25,1367.0,1368.03,611537,836600407.8,40013,385840,63.09,8,2017,1388.4391699765044,-0.003063010501750285,Slight or No change
67,M&amp;M,EQ,2017-08-18,1367.0,1364.0,1379.5,1360.65,1371.0,1370.0,1370.83,678855,930592793.8,45903,470264,69.27,8,2017,1388.2700537936423,0.002194586686174116,Slight or No change
68,M&amp;M,EQ,2017-08-21,1370.0,1370.2,1392.95,1370.15,1378.55,1378.65,1380.28,702542,969703211.3,42318,478521,68.11,8,2017,1388.1796026909267,0.006313868613138762,Slight or No change
69,M&amp;M,EQ,2017-08-22,1378.65,1382.7,1385.8,1371.0,1373.2,1374.65,1376.84,292349,402517219.3,15230,152245,52.08,8,2017,1388.1268730489505,-0.002901389040002922,Slight or No change
70,M&amp;M,EQ,2017-08-23,1374.65,1378.0,1387.0,1367.05,1375.0,1374.2,1374.93,789242,1085156222.55,14913,575716,72.95,8,2017,1387.9818669040942,-0.00032735605426836845,Slight or No change
71,M&amp;M,EQ,2017-08-24,1374.2,1375.0,1383.0,1367.8,1376.3,1375.15,1374.92,790046,1086251763.6,32240,580275,73.45,8,2017,1387.8495053718511,0.000691311308397724,Slight or No change
72,M&amp;M,EQ,2017-08-28,1375.15,1380.0,1380.45,1366.5,1372.75,1373.05,1372.5,1035223,1420840103.55,26502,880571,85.06,8,2017,1387.6521404375317,-0.0015271061338764103,Slight or No change
73,M&amp;M,EQ,2017-08-29,1373.05,1375.25,1379.0,1367.05,1375.0,1376.95,1374.84,537856,739466409.9,16638,337557,62.76,8,2017,1387.5784982291525,0.002840391828411226,Slight or No change
74,M&amp;M,EQ,2017-08-30,1376.95,1385.0,1388.55,1353.85,1360.0,1358.15,1376.14,1055176,1452074708.4,26166,720286,68.26,8,2017,1387.1865220805912,-0.013653364319691996,Slight or No change
75,M&amp;M,EQ,2017-08-31,1358.15,1358.0,1360.3,1333.0,1344.1,1344.8,1344.66,1558002,2094988754.2,67121,1021371,65.56,8,2017,1386.3689912621091,-0.009829547546294726,Slight or No change
76,M&amp;M,EQ,2017-09-01,1344.8,1344.8,1351.65,1336.9,1346.8,1347.6,1344.64,1087301,1462027916.8,44840,613120,56.39,9,2017,1385.8540759080367,0.0020820939916716963,Slight or No change
77,M&amp;M,EQ,2017-09-04,1347.6,1348.0,1348.0,1324.1,1326.35,1328.3,1333.51,407303,543142765.95,28007,182255,44.75,9,2017,1385.5691448044072,-0.014321757197981566,Slight or No change
78,M&amp;M,EQ,2017-09-05,1328.3,1329.05,1331.45,1313.45,1325.0,1324.65,1321.6,773888,1022767747.4,27611,338504,43.74,9,2017,1385.0014537969666,-0.0027478732214106794,Slight or No change
79,M&amp;M,EQ,2017-09-06,1324.65,1321.4,1324.65,1310.0,1316.8,1316.55,1318.52,649266,856068432.2,32912,376681,58.02,9,2017,1384.470443092926,-0.006114822783376828,Slight or No change
80,M&amp;M,EQ,2017-09-07,1316.55,1318.65,1343.0,1318.65,1342.0,1339.95,1334.0,1164341,1553229848.0,37645,826666,71.0,9,2017,1383.8595889819815,0.01777372678591771,Slight or No change
81,M&amp;M,EQ,2017-09-08,1339.95,1345.0,1346.85,1288.2,1294.95,1295.4,1306.25,1969487,2572639909.05,89869,1001226,50.84,9,2017,1381.8531237403809,-0.03324750923541919,Slight or No change
82,M&amp;M,EQ,2017-09-11,1295.4,1300.0,1330.0,1278.0,1282.6,1280.2,1291.07,1665419,2150177448.2,68418,1151845,69.16,9,2017,1379.9400716481018,-0.011733827389223461,Slight or No change
83,M&amp;M,EQ,2017-09-12,1280.2,1284.0,1304.9,1278.95,1300.0,1300.75,1292.99,1061452,1372441917.95,39769,532150,50.13,9,2017,1379.0014825909857,0.016052179346977002,Slight or No change
84,M&amp;M,EQ,2017-09-13,1300.75,1310.0,1320.05,1303.0,1308.0,1307.35,1316.46,2388029,3143736336.8,35552,1893940,79.31,9,2017,1377.1405084027087,0.0050739957716701145,Slight or No change
85,M&amp;M,EQ,2017-09-14,1307.35,1313.0,1313.0,1288.25,1294.0,1290.75,1294.82,715922,926991825.4,25326,389372,54.39,9,2017,1376.4730275971629,-0.012697441389069475,Slight or No change
86,M&amp;M,EQ,2017-09-15,1290.75,1290.0,1304.0,1285.0,1286.0,1294.25,1294.37,840187,1087512077.15,31964,598791,71.27,9,2017,1375.734177580639,0.002711601781909767,Slight or No change
87,M&amp;M,EQ,2017-09-18,1294.25,1301.0,1306.2,1291.0,1293.4,1295.0,1299.48,651221,846246873.6,27283,371626,57.07,9,2017,1375.175760938357,0.0005794861889125702,Slight or No change
88,M&amp;M,EQ,2017-09-19,1295.0,1304.0,1304.7,1288.1,1294.05,1294.75,1296.38,487526,632020751.5,17824,253733,52.05,9,2017,1374.761453745189,-0.00019305019305015936,Slight or No change
89,M&amp;M,EQ,2017-09-20,1294.75,1300.1,1306.2,1289.6,1289.65,1292.45,1295.96,838237,1086325016.3,35420,500993,59.77,9,2017,1374.0388055619956,-0.001776404711334223,Slight or No change
90,M&amp;M,EQ,2017-09-21,1292.45,1293.5,1296.65,1280.1,1291.0,1291.45,1290.25,485105,625904780.55,18723,274974,56.68,9,2017,1373.6213062557604,-0.0007737243220240497,Slight or No change
91,M&amp;M,EQ,2017-09-22,1291.45,1288.0,1297.0,1281.55,1285.45,1287.15,1287.01,858496,1104893453.95,33180,631537,73.56,9,2017,1372.8545786115442,-0.003329590770064672,Slight or No change
92,M&amp;M,EQ,2017-09-25,1287.15,1282.6,1292.0,1246.0,1262.0,1260.0,1262.77,1145208,1446133638.9,67063,757153,66.11,9,2017,1371.535326966758,-0.021093112690828697,Slight or No change
93,M&amp;M,EQ,2017-09-26,1260.0,1265.3,1265.45,1242.35,1246.5,1247.15,1251.65,657247,822645186.9,56194,443124,67.42,9,2017,1370.7063968191594,-0.010198412698412596,Slight or No change
94,M&amp;M,EQ,2017-09-27,1247.15,1253.0,1255.4,1224.0,1236.25,1232.0,1237.82,710275,879195196.25,33381,451389,63.55,9,2017,1369.7145909915937,-0.012147696748586845,Slight or No change
95,M&amp;M,EQ,2017-09-28,1232.0,1232.0,1249.0,1225.0,1228.0,1230.55,1237.94,1541084,1907771928.9,58370,1175615,76.28,9,2017,1367.5885448458264,-0.0011769480519481235,Slight or No change
96,M&amp;M,EQ,2017-09-29,1230.55,1231.0,1260.5,1231.0,1258.0,1254.25,1249.84,1216715,1520693969.85,46670,896825,73.71,9,2017,1366.237788064547,0.019259680630612452,Slight or No change
97,M&amp;M,EQ,2017-10-03,1254.25,1265.0,1291.45,1252.75,1257.05,1264.3,1276.39,1785354,2278804670.5,52181,1045836,58.58,10,2017,1364.4857602327281,0.008012756627466588,Slight or No change
98,M&amp;M,EQ,2017-10-04,1264.3,1264.0,1291.8,1256.25,1287.0,1288.75,1279.51,1178243,1507571813.2,31204,645967,54.82,10,2017,1363.636347104207,0.019338764533734176,Slight or No change
99,M&amp;M,EQ,2017-10-05,1288.75,1310.0,1316.0,1293.0,1297.0,1300.75,1308.66,2106398,2756568497.3,64582,1142718,54.25,10,2017,1362.400233820586,0.009311348205625514,Slight or No change
100,M&amp;M,EQ,2017-10-06,1300.75,1309.9,1321.2,1299.25,1300.0,1303.0,1309.88,912947,1195848898.2,22186,491559,53.84,10,2017,1361.8984565884734,0.0017297712857966552,Slight or No change
101,M&amp;M,EQ,2017-10-09,1303.0,1301.05,1312.9,1299.0,1304.9,1304.85,1305.55,417682,545303236.6,15609,242162,57.98,10,2017,1361.6788265793557,0.0014198004604757397,Slight or No change
102,M&amp;M,EQ,2017-10-10,1304.85,1318.0,1319.0,1301.15,1304.9,1305.1,1309.48,693721,908416952.8,39154,425714,61.37,10,2017,1361.3193482879783,0.00019159290339887391,Slight or No change
103,M&amp;M,EQ,2017-10-11,1305.1,1309.0,1330.25,1306.0,1316.0,1319.45,1322.88,1642780,2173200984.3,45357,1219364,74.23,10,2017,1360.6987309702383,0.010995326028656827,Slight or No change
104,M&amp;M,EQ,2017-10-12,1319.45,1320.25,1341.6,1314.15,1337.45,1338.15,1335.27,824166,1100481711.75,17354,510851,61.98,10,2017,1360.5322872396684,0.014172571904960352,Slight or No change
105,M&amp;M,EQ,2017-10-13,1338.15,1338.0,1345.65,1323.0,1325.0,1325.3,1331.48,541640,721181506.4,15670,342186,63.18,10,2017,1360.362196569787,-0.00960280984941908,Slight or No change
106,M&amp;M,EQ,2017-10-16,1325.3,1338.9,1375.9,1330.3,1367.0,1368.6,1361.86,1170290,1593768963.15,37450,606621,51.84,10,2017,1360.4472373463502,0.03267184788349797,Slight or No change
107,M&amp;M,EQ,2017-10-17,1368.6,1373.9,1375.5,1343.5,1371.3,1373.35,1367.16,1023744,1399623193.85,49939,643721,62.88,10,2017,1360.5627134351998,0.003470699985386627,Slight or No change
108,M&amp;M,EQ,2017-10-18,1373.35,1372.0,1378.5,1362.2,1364.0,1370.55,1373.41,598422,821878512.35,24670,328139,54.83,10,2017,1360.6146899272264,-0.0020388102086139614,Slight or No change
109,M&amp;M,EQ,2017-10-19,1370.55,1366.75,1379.0,1360.1,1376.8,1375.75,1374.62,175195,240826138.35,4034,91902,52.46,10,2017,1360.637715144708,0.0037940972602239498,Slight or No change
110,M&amp;M,EQ,2017-10-23,1375.75,1380.0,1393.95,1346.6,1362.0,1367.05,1368.16,599664,820436014.5,28670,227193,37.89,10,2017,1360.6709318025842,-0.006323823369071446,Slight or No change
111,M&amp;M,EQ,2017-10-24,1367.05,1360.55,1365.9,1346.95,1354.0,1350.65,1354.56,390953,529571164.6,29196,214487,54.86,10,2017,1360.6372027946402,-0.011996635090157581,Slight or No change
112,M&amp;M,EQ,2017-10-25,1350.65,1354.0,1373.6,1348.95,1371.8,1364.7,1362.15,664152,904677786.45,36269,445599,67.09,10,2017,1360.6603014846507,0.010402398845000604,Slight or No change
113,M&amp;M,EQ,2017-10-26,1364.7,1374.45,1380.7,1364.5,1373.5,1372.95,1373.94,1652089,2269863674.95,69948,1296615,78.48,10,2017,1360.8316855256558,0.00604528467795129,Slight or No change
114,M&amp;M,EQ,2017-10-27,1372.95,1372.95,1390.7,1371.55,1380.75,1387.7,1383.54,774542,1071608867.7,32137,472146,60.96,10,2017,1361.0062078375074,0.010743289995994054,Slight or No change
115,M&amp;M,EQ,2017-10-30,1387.7,1388.0,1392.65,1370.05,1372.1,1374.75,1379.19,563034,776528433.55,28872,367173,65.21,10,2017,1361.0707971960912,-0.009331988181883744,Slight or No change
116,M&amp;M,EQ,2017-10-31,1374.75,1378.0,1378.0,1342.1,1346.0,1344.8,1352.32,799728,1081488266.75,37278,521272,65.18,10,2017,1360.9629071074348,-0.021785779232587732,Slight or No change
117,M&amp;M,EQ,2017-11-01,1344.8,1347.25,1363.2,1336.0,1352.8,1350.75,1349.99,1965358,2653212399.35,59092,1330675,67.71,11,2017,1360.799149533435,0.004424449732302271,Slight or No change
118,M&amp;M,EQ,2017-11-02,1350.75,1343.0,1349.4,1331.05,1336.0,1335.35,1335.93,870329,1162695211.2,24893,674288,77.48,11,2017,1360.6197198769821,-0.011401073477697587,Slight or No change
119,M&amp;M,EQ,2017-11-03,1335.35,1339.0,1342.95,1320.1,1332.2,1330.75,1329.04,1084381,1441184912.9,25495,769630,70.97,11,2017,1360.3596128259026,-0.0034447897554947815,Slight or No change
120,M&amp;M,EQ,2017-11-06,1330.75,1347.85,1377.7,1343.3,1370.5,1366.15,1363.74,2575346,3512101879.9,90250,1684041,65.39,11,2017,1360.4769382604152,0.0266015404846891,Slight or No change
121,M&amp;M,EQ,2017-11-07,1366.15,1380.0,1382.0,1348.0,1353.8,1353.75,1369.2,2213662,3030937751.0,31165,1683864,76.07,11,2017,1360.361784276476,-0.009076602130073663,Slight or No change
122,M&amp;M,EQ,2017-11-08,1353.75,1361.0,1375.0,1354.0,1373.95,1367.0,1367.72,685509,937585053.35,42629,446174,65.09,11,2017,1360.3967883505861,0.009787626962142193,Slight or No change
123,M&amp;M,EQ,2017-11-09,1367.0,1373.0,1380.05,1340.0,1360.05,1361.3,1358.06,484257,657651814.2,34443,241422,49.85,11,2017,1360.4001403563327,-0.004169714703730842,Slight or No change
124,M&amp;M,EQ,2017-11-10,1361.3,1362.1,1412.15,1347.2,1395.0,1392.95,1384.33,2969900,4111328588.75,77163,972493,32.74,11,2017,1361.124503477309,0.023249834716814854,Slight or No change
125,M&amp;M,EQ,2017-11-13,1392.95,1408.0,1431.75,1408.0,1411.0,1411.2,1421.09,3238115,4601643311.35,109683,2116416,65.36,11,2017,1362.310739534857,0.013101690656520226,Slight or No change
126,M&amp;M,EQ,2017-11-14,1411.2,1419.0,1438.2,1415.05,1424.9,1429.6,1426.53,1796055,2562124517.8,74649,1281511,71.35,11,2017,1363.1834090406164,0.013038548752834389,Slight or No change
127,M&amp;M,EQ,2017-11-15,1429.6,1429.0,1429.0,1407.0,1416.05,1415.25,1414.29,997036,1410097226.55,39787,610450,61.23,11,2017,1363.5555769693926,-0.010037772803581313,Slight or No change
128,M&amp;M,EQ,2017-11-16,1415.25,1415.05,1426.0,1408.0,1414.05,1413.95,1417.43,872446,1236627806.3,21237,484207,55.5,11,2017,1363.8688204689734,-0.0009185656244479201,Slight or No change
129,M&amp;M,EQ,2017-11-17,1413.95,1425.0,1425.0,1412.0,1413.95,1416.75,1420.39,1448440,2057346250.7,32485,1196400,82.6,11,2017,1364.4089574500615,0.001980268043424438,Slight or No change
130,M&amp;M,EQ,2017-11-20,1416.75,1419.75,1420.05,1400.1,1404.9,1408.0,1406.64,1264801,1779123542.45,59511,1004920,79.45,11,2017,1364.7943163126442,-0.006176107287806598,Slight or No change
131,M&amp;M,EQ,2017-11-21,1408.0,1420.0,1422.0,1408.2,1415.0,1416.0,1415.99,853763,1208919055.1,31579,589156,69.01,11,2017,1365.0980671601792,0.005681818181818121,Slight or No change
132,M&amp;M,EQ,2017-11-22,1416.0,1424.0,1441.8,1419.6,1432.5,1429.5,1433.89,1439617,2064259578.25,62309,899704,62.5,11,2017,1365.735868482031,0.009533898305084776,Slight or No change
133,M&amp;M,EQ,2017-11-23,1429.5,1434.4,1434.4,1412.55,1420.0,1418.65,1422.43,490011,697005384.65,21098,281397,57.43,11,2017,1365.9136372853786,-0.007590066456803046,Slight or No change
134,M&amp;M,EQ,2017-11-24,1418.65,1425.0,1439.9,1420.05,1435.35,1434.1,1433.31,966558,1385379918.5,24730,595485,61.61,11,2017,1366.3625221773991,0.010890635463292497,Slight or No change
135,M&amp;M,EQ,2017-11-27,1434.1,1435.0,1444.0,1425.05,1431.9,1431.0,1430.26,867582,1240868592.0,26757,587919,67.77,11,2017,1366.742226682327,-0.002161634474583285,Slight or No change
136,M&amp;M,EQ,2017-11-28,1431.0,1432.65,1441.45,1426.8,1436.8,1435.0,1434.43,743580,1066614994.05,28246,527833,70.99,11,2017,1367.0841664014963,0.002795248078266921,Slight or No change
137,M&amp;M,EQ,2017-11-29,1435.0,1438.95,1443.1,1430.0,1431.0,1433.4,1434.48,691787,992357850.3,34587,469904,67.93,11,2017,1367.3918044100387,-0.00111498257839715,Slight or No change
138,M&amp;M,EQ,2017-11-30,1433.4,1430.0,1430.0,1400.55,1407.1,1406.55,1409.45,2683675,3782502344.85,96875,1882881,70.16,11,2017,1368.0840445937397,-0.01873168689828386,Slight or No change
139,M&amp;M,EQ,2017-12-01,1406.55,1414.0,1426.95,1406.0,1409.0,1409.4,1415.77,1077343,1525266408.7,30037,573714,53.25,12,2017,1368.3751865682539,0.002026234403327498,Slight or No change
140,M&amp;M,EQ,2017-12-04,1409.4,1420.0,1420.0,1392.75,1400.5,1401.0,1400.7,1462814,2048958363.15,39083,1098744,75.11,12,2017,1368.6843830817693,-0.005959982971477262,Slight or No change
141,M&amp;M,EQ,2017-12-05,1401.0,1400.0,1409.35,1383.0,1387.8,1388.2,1395.18,1299621,1813207657.1,42554,1060452,81.6,12,2017,1368.8473333127229,-0.009136331192005631,Slight or No change
142,M&amp;M,EQ,2017-12-06,1388.2,1387.0,1392.4,1363.45,1368.7,1367.45,1374.94,1184822,1629058476.2,60137,889587,75.08,12,2017,1368.836776916342,-0.014947413917303032,Slight or No change
143,M&amp;M,EQ,2017-12-07,1367.45,1376.8,1382.5,1368.1,1380.0,1379.55,1375.48,1556860,2141433167.1,47232,1246870,80.09,12,2017,1368.942080305851,0.008848586785622725,Slight or No change
144,M&amp;M,EQ,2017-12-08,1379.55,1386.7,1393.65,1379.4,1387.0,1388.15,1387.23,1199696,1664259781.75,38460,928249,77.37,12,2017,1369.0864736224896,0.006233916856946298,Slight or No change
145,M&amp;M,EQ,2017-12-11,1388.15,1395.85,1427.85,1392.5,1417.85,1418.25,1415.18,1323321,1872731818.8,38802,852243,64.4,12,2017,1369.4907863818426,0.021683535640960816,Slight or No change
146,M&amp;M,EQ,2017-12-12,1418.25,1419.8,1428.5,1411.1,1420.0,1419.15,1419.62,1406120,1996157493.25,47037,1062732,75.58,12,2017,1369.9209690303583,0.0006345848757272066,Slight or No change
147,M&amp;M,EQ,2017-12-13,1419.15,1421.8,1432.0,1410.0,1411.0,1412.5,1421.14,1893574,2691036767.85,28683,1563376,82.56,12,2017,1370.4119579263013,-0.004685903533805491,Slight or No change
148,M&amp;M,EQ,2017-12-14,1412.5,1417.0,1436.0,1413.0,1432.0,1431.6,1428.93,2752965,3933786533.6,64401,2098747,76.24,12,2017,1371.4208400485418,0.013522123893805249,Slight or No change
149,M&amp;M,EQ,2017-12-15,1431.6,1442.5,1490.0,1441.0,1483.0,1483.4,1471.96,3552757,5229500192.45,100168,2010344,56.59,12,2017,1373.7539314217365,0.036183291422185127,Slight or No change
150,M&amp;M,EQ,2017-12-18,1483.4,1484.0,1539.0,1455.0,1521.8,1521.45,1518.14,4265351,6475392865.3,100737,2736288,64.15,12,2017,1377.3582480558048,0.025650532560334227,Slight or No change
151,M&amp;M,EQ,2017-12-19,1521.45,1535.0,1560.95,1522.0,1550.4,1556.3,1539.87,5673987,8737214691.15,78208,4112440,72.48,12,2017,1382.9845726529982,0.022905780669755682,Slight or No change
152,M&amp;M,EQ,2017-12-20,1556.3,1560.0,1571.4,1533.1,1534.2,1541.75,1557.09,4830014,7520746124.05,104321,3529758,73.08,12,2017,1387.123214825464,-0.009349097217760005,Slight or No change
153,M&amp;M,EQ,2017-12-21,1541.75,767.0,767.0,738.95,742.85,742.2,746.46,6803736,5078683006.3,79258,4677871,68.75,12,2017,1364.280506276245,-0.5185989946489379,Slight Negative
154,M&amp;M,EQ,2017-12-22,742.2,747.0,753.4,743.0,747.4,746.2,747.7,2338232,1748302823.2,36522,1324387,56.64,12,2017,1356.8474016135824,0.00538938291565616,Slight or No change
155,M&amp;M,EQ,2017-12-26,746.2,748.0,749.95,736.7,741.55,741.55,740.16,3887128,2877108903.45,38647,2861005,73.6,12,2017,1344.7872002486326,-0.006231573304744109,Slight or No change
156,M&amp;M,EQ,2017-12-27,741.55,744.8,754.9,739.45,747.0,746.75,747.56,2523905,1886775227.35,38307,1523602,60.37,12,2017,1337.2718433970833,0.007012339019621061,Slight or No change
157,M&amp;M,EQ,2017-12-28,746.75,747.0,753.95,745.35,751.9,749.95,749.75,5643656,4231337678.9,53488,3882053,68.79,12,2017,1321.2190853441466,0.004285236022765426,Slight or No change
158,M&amp;M,EQ,2017-12-29,749.95,751.0,753.0,743.9,751.5,751.1,748.2,2055582,1537991668.7,73331,1594168,77.55,12,2017,1315.5994094292605,0.001533435562370844,Slight or No change
159,M&amp;M,EQ,2018-01-01,751.1,751.0,758.9,743.0,745.5,744.65,750.77,2476302,1859140125.05,31240,1619007,65.38,1,2018,1308.8992447098135,-0.008587405139129367,Slight or No change
160,M&amp;M,EQ,2018-01-02,744.65,754.0,758.0,746.3,753.0,752.9,753.06,3020597,2274687979.6,58268,1872751,62.0,1,2018,1301.0526976158403,0.011079030416974334,Slight or No change
161,M&amp;M,EQ,2018-01-03,752.9,755.9,759.0,750.0,753.7,754.9,756.16,2256643,1706379602.85,54539,1298233,57.53,1,2018,1295.3545508021004,0.0026563952716163186,Slight or No change
162,M&amp;M,EQ,2018-01-04,754.9,761.0,761.0,750.5,755.75,756.0,755.23,1663380,1256234024.5,34624,887667,53.37,1,2018,1291.2383609300102,0.0014571466419392998,Slight or No change
163,M&amp;M,EQ,2018-01-05,756.0,756.0,758.5,753.6,755.6,756.35,756.82,1255982,950549554.2,28943,742659,59.13,1,2018,1288.1737122940672,0.0004629629629628873,Slight or No change
164,M&amp;M,EQ,2018-01-08,756.35,757.05,760.0,756.55,760.0,759.9,758.74,2309604,1752382390.1,36787,1896147,82.1,1,2018,1282.665902898184,0.004693594235472887,Slight or No change
165,M&amp;M,EQ,2018-01-09,759.9,760.0,766.0,757.2,761.85,762.45,761.91,1947163,1483569074.0,35374,1414599,72.65,1,2018,1278.1330922191999,0.003355704697986628,Slight or No change
166,M&amp;M,EQ,2018-01-10,762.45,762.05,765.0,754.2,760.3,759.85,759.64,1275821,969159119.9,23414,810743,63.55,1,2018,1275.190933931364,-0.0034100596760443525,Slight or No change
167,M&amp;M,EQ,2018-01-11,759.85,760.3,768.95,755.5,764.35,766.65,763.62,2291617,1749929249.05,44186,1616494,70.54,1,2018,1270.0579330719358,0.008949134697637584,Slight or No change
168,M&amp;M,EQ,2018-01-12,766.65,767.1,769.5,761.75,766.85,767.5,765.5,1363265,1043576578.7,32787,981802,72.02,1,2018,1267.0582882176504,0.001108719754777221,Slight or No change
169,M&amp;M,EQ,2018-01-15,767.5,770.0,775.65,755.65,758.35,759.2,766.28,2127778,1630472204.2,46230,1461680,68.7,1,2018,1262.3707467816384,-0.010814332247556901,Slight or No change
170,M&amp;M,EQ,2018-01-16,759.2,759.0,762.55,741.0,748.35,746.7,749.79,1611817,1208517088.8,67427,1157147,71.79,1,2018,1258.790289196236,-0.01646469968387776,Slight or No change
171,M&amp;M,EQ,2018-01-17,746.7,747.05,754.0,738.85,741.65,745.35,746.0,1940533,1447644921.15,52439,1310624,67.54,1,2018,1254.5338546128896,-0.0018079550020089208,Slight or No change
172,M&amp;M,EQ,2018-01-18,745.35,750.0,765.0,745.0,759.3,759.25,759.25,2810014,2133505075.4,64309,1831859,65.19,1,2018,1248.6587554079968,0.018648956865901845,Slight or No change
173,M&amp;M,EQ,2018-01-19,759.25,760.0,768.3,748.3,765.65,765.4,757.05,2005133,1517990916.15,31955,1214637,60.58,1,2018,1244.6025970940425,0.008100098781692378,Slight or No change
174,M&amp;M,EQ,2018-01-22,765.4,762.1,769.0,756.0,759.05,759.6,760.53,934811,710955077.55,25213,573500,61.35,1,2018,1242.7121533471297,-0.007577737130911921,Slight or No change
175,M&amp;M,EQ,2018-01-23,759.6,761.95,773.0,761.4,769.75,769.05,767.77,2775928,2131262634.45,78122,1839041,66.25,1,2018,1237.292458070106,0.012440758293838838,Slight or No change
176,M&amp;M,EQ,2018-01-24,769.05,769.05,771.0,752.4,756.5,755.4,758.37,2080315,1577655371.15,36248,1570279,75.48,1,2018,1233.1954286996636,-0.01774917105519791,Slight or No change
177,M&amp;M,EQ,2018-01-25,755.4,756.5,762.0,748.35,762.0,757.8,756.24,2878048,2176498419.4,45389,1966167,68.32,1,2018,1227.6687471688454,0.003177124702144596,Slight or No change
178,M&amp;M,EQ,2018-01-29,757.8,757.3,772.0,757.3,763.0,764.35,765.82,2074165,1588430944.65,41464,1433140,69.09,1,2018,1223.8191871152046,0.00864344154130392,Slight or No change
179,M&amp;M,EQ,2018-01-30,764.35,764.0,768.65,753.1,764.9,764.9,761.66,1648188,1255359127.15,34725,1107535,67.2,1,2018,1220.809142220905,0.0007195656440110998,Slight or No change
180,M&amp;M,EQ,2018-01-31,764.9,764.8,771.15,756.65,765.9,763.05,764.35,2242045,1713702172.5,38342,1630492,72.72,1,2018,1216.761019573313,-0.0024186168126553165,Slight or No change
181,M&amp;M,EQ,2018-02-01,763.05,768.9,802.55,763.0,801.0,798.75,785.19,6896060,5414711116.15,122264,3297909,47.82,2,2018,1205.6920818421384,0.0467859249066247,Slight or No change
182,M&amp;M,EQ,2018-02-02,798.75,798.75,800.0,765.55,770.0,770.25,785.84,3783976,2973610028.25,75961,2211067,58.43,2,2018,1199.4557235266,-0.03568075117370895,Slight or No change
183,M&amp;M,EQ,2018-02-05,770.25,762.9,769.75,745.0,762.45,760.5,761.22,2018332,1536395408.25,61130,1308138,64.81,2,2018,1196.127897765555,-0.012658227848101222,Slight or No change
184,M&amp;M,EQ,2018-02-06,760.5,743.8,759.9,730.75,751.8,751.8,749.27,5626253,4215604282.25,70135,4279375,76.06,2,2018,1186.9321367883576,-0.011439842209073015,Slight or No change
185,M&amp;M,EQ,2018-02-07,751.8,767.4,771.95,743.75,746.0,747.1,753.83,1909559,1439475921.7,52968,961729,50.36,2,2018,1183.86421022329,-0.006251662676243552,Slight or No change
186,M&amp;M,EQ,2018-02-08,747.1,754.0,760.7,746.0,755.9,752.2,755.16,3024010,2283602013.8,58172,2004379,66.28,2,2018,1179.1481077149963,0.006826395395529428,Slight or No change
187,M&amp;M,EQ,2018-02-09,752.2,747.0,753.3,742.0,750.0,750.05,749.66,2214895,1660429189.6,48257,1390360,62.77,2,2018,1175.7416558911211,-0.0028582823717098194,Slight or No change
188,M&amp;M,EQ,2018-02-12,750.05,770.0,770.0,743.0,746.05,746.0,752.01,2662221,2002007302.65,54819,1095561,41.15,2,2018,1171.6798449805856,-0.005399640023998287,Slight or No change
189,M&amp;M,EQ,2018-02-14,746.0,751.8,753.95,742.05,743.9,746.95,749.85,1207191,905217068.35,46664,578768,47.94,2,2018,1169.8672551552063,0.001273458445040232,Slight or No change
190,M&amp;M,EQ,2018-02-15,746.95,748.1,751.3,743.5,748.95,749.35,748.66,1652980,1237511917.35,24107,998763,60.42,2,2018,1167.4242085892542,0.003213066470312498,Slight or No change
191,M&amp;M,EQ,2018-02-16,749.35,752.65,753.75,742.0,742.5,743.75,745.61,1042980,777657492.7,17042,587662,56.34,2,2018,1165.8768204907044,-0.007473143390938852,Slight or No change
192,M&amp;M,EQ,2018-02-19,743.75,744.0,744.8,716.05,726.3,724.65,726.95,1185926,862111584.85,29659,572597,48.28,2,2018,1164.0520388488146,-0.02568067226890758,Slight or No change
193,M&amp;M,EQ,2018-02-20,724.65,726.8,733.2,703.0,709.0,709.0,715.17,2981323,2132162040.65,54968,1884808,63.22,2,2018,1159.3696278186644,-0.02159663285724145,Slight or No change
194,M&amp;M,EQ,2018-02-21,709.0,716.0,716.0,701.0,708.0,708.4,706.54,2290218,1618119691.65,93312,1482464,64.73,2,2018,1155.832879484158,-0.0008462623413258985,Slight or No change
195,M&amp;M,EQ,2018-02-22,708.4,702.0,724.5,700.4,721.6,721.95,712.55,3325355,2369486209.05,64376,2234680,67.2,2,2018,1150.9477834697084,0.019127611518916066,Slight or No change
196,M&amp;M,EQ,2018-02-23,721.95,722.55,724.0,714.0,719.9,718.65,718.51,1648932,1184777574.35,58671,994049,60.28,2,2018,1148.547677484614,-0.004570953667151545,Slight or No change
197,M&amp;M,EQ,2018-02-26,718.65,722.0,737.0,719.25,735.4,735.4,730.4,1525511,1114235548.8,37699,836279,54.82,2,2018,1146.4364243012901,0.02330759062130383,Slight or No change
198,M&amp;M,EQ,2018-02-27,735.4,741.9,742.0,731.0,738.9,739.8,738.2,1429191,1055035720.6,37912,784993,54.93,2,2018,1144.4989231039942,0.005983138428066415,Slight or No change
199,M&amp;M,EQ,2018-02-28,739.8,734.0,734.95,725.1,727.0,728.35,729.97,1814444,1324487288.25,47123,1335754,73.62,2,2018,1141.99674276746,-0.01547715598810484,Slight or No change
200,M&amp;M,EQ,2018-03-01,728.35,728.0,736.5,727.5,731.0,732.55,733.15,1831321,1342628831.75,40238,1200086,65.53,3,2018,1139.52694979315,0.005766458433445365,Slight or No change
201,M&amp;M,EQ,2018-03-05,732.55,727.0,743.0,722.15,737.0,739.6,734.23,2170367,1593557964.5,47618,1524477,70.24,3,2018,1136.6882538783918,0.009623916456214632,Slight or No change
202,M&amp;M,EQ,2018-03-06,739.6,743.0,743.0,716.0,719.9,719.9,728.8,1763292,1285079104.25,64751,1043383,59.17,3,2018,1134.298531396906,-0.02663601946998384,Slight or No change
203,M&amp;M,EQ,2018-03-07,719.9,721.0,725.8,702.45,707.8,707.8,709.08,2343794,1661927541.1,57817,1420042,60.59,3,2018,1131.0726572945725,-0.01680788998472016,Slight or No change
204,M&amp;M,EQ,2018-03-08,707.8,710.55,729.2,707.1,724.0,726.65,721.59,2500680,1804468257.95,52819,1150799,46.02,3,2018,1127.8351304036817,0.026631816897428662,Slight or No change
205,M&amp;M,EQ,2018-03-09,726.65,726.9,739.7,723.45,726.0,728.5,733.7,2191343,1607784912.35,46970,1428282,65.18,3,2018,1125.0532932259823,0.002545929952521897,Slight or No change
206,M&amp;M,EQ,2018-03-12,728.5,735.05,739.25,731.2,737.0,737.1,735.01,1867680,1372760169.45,24168,1245004,66.66,3,2018,1122.7635075025287,0.011805078929306934,Slight or No change
207,M&amp;M,EQ,2018-03-13,737.1,736.95,741.0,730.45,732.0,733.0,734.31,1823994,1339377667.85,57031,1081259,59.28,3,2018,1120.5297225807117,-0.005562338895672259,Slight or No change
208,M&amp;M,EQ,2018-03-14,733.0,730.95,734.3,723.1,728.7,728.2,728.46,1366237,995251678.95,32697,751519,55.01,3,2018,1118.852720234523,-0.0065484311050476585,Slight or No change
209,M&amp;M,EQ,2018-03-15,728.2,731.0,737.9,729.8,734.35,734.85,734.25,1249262,917275843.5,37029,685193,54.85,3,2018,1117.357689515352,0.00913210656413077,Slight or No change
210,M&amp;M,EQ,2018-03-16,734.85,739.0,752.0,735.55,742.15,740.75,744.81,4929069,3671216537.55,97289,3235804,65.65,3,2018,1111.660039456434,0.008028849425052664,Slight or No change
211,M&amp;M,EQ,2018-03-19,740.75,741.75,749.0,739.0,741.0,742.7,744.15,2081202,1548719529.8,60872,1005742,48.33,3,2018,1109.3181312677825,0.002632467094161317,Slight or No change
212,M&amp;M,EQ,2018-03-20,742.7,740.4,744.0,732.05,741.2,740.95,736.12,1248986,919405871.35,28659,681688,54.58,3,2018,1107.920267823588,-0.0023562676720075837,Slight or No change
213,M&amp;M,EQ,2018-03-21,740.95,743.0,750.75,739.5,747.0,745.35,747.06,2788242,2082991007.4,39066,2130088,76.4,3,2018,1104.8745884017567,0.005938322423915121,Slight or No change
214,M&amp;M,EQ,2018-03-22,745.35,747.05,748.9,726.0,731.0,730.85,733.92,1877037,1377604263.15,53019,1104031,58.82,3,2018,1102.7713645567278,-0.019453947809753847,Slight or No change
215,M&amp;M,EQ,2018-03-23,730.85,725.0,737.3,721.2,733.0,732.9,731.46,2276332,1665038548.95,43761,1412342,62.04,3,2018,1100.266136686735,0.002804953136758437,Slight or No change
216,M&amp;M,EQ,2018-03-26,732.9,734.35,750.0,727.05,745.0,746.5,741.7,1890961,1402531846.5,42750,1040490,55.02,3,2018,1098.2867847795312,0.01855641970255162,Slight or No change
217,M&amp;M,EQ,2018-03-27,746.5,749.0,752.0,741.6,744.0,744.9,744.76,2422064,1803858152.5,66328,1797981,74.23,3,2018,1095.7722432583394,-0.002143335565974569,Slight or No change
218,M&amp;M,EQ,2018-03-28,744.9,744.0,746.0,735.0,737.0,738.9,738.54,3301815,2438530248.7,67315,2260424,68.46,3,2018,1092.3438075853792,-0.00805477245267816,Slight or No change
219,M&amp;M,EQ,2018-04-02,738.9,748.9,751.85,737.2,747.5,748.05,745.49,3567965,2659866487.6,66835,2486849,69.7,4,2018,1088.8063193642504,0.012383272431993442,Slight or No change
220,M&amp;M,EQ,2018-04-03,748.05,748.0,771.4,745.05,770.0,770.1,760.57,2500384,1901704645.35,49920,1144249,45.76,4,2018,1086.5279363438312,0.02947663926208155,Slight or No change
221,M&amp;M,EQ,2018-04-04,770.1,773.0,786.75,749.1,758.0,756.55,770.82,3295198,2540009133.7,57547,1672221,50.75,4,2018,1083.448130760331,-0.01759511751720566,Slight or No change
222,M&amp;M,EQ,2018-04-05,756.55,770.0,781.0,766.6,771.8,774.6,775.6,2224647,1725440418.2,48616,1365549,61.38,4,2018,1081.5142263118057,0.023858304143810738,Slight or No change
223,M&amp;M,EQ,2018-04-06,774.6,774.6,774.6,764.05,771.45,771.95,770.18,1194886,920273281.1,25031,673968,56.4,4,2018,1080.4765832434966,-0.0034211205783629683,Slight or No change
224,M&amp;M,EQ,2018-04-09,771.95,772.0,788.2,770.0,786.0,786.2,783.68,1813902,1421513463.2,63475,1187134,65.45,4,2018,1078.9867557094497,0.018459744802124423,Slight or No change
225,M&amp;M,EQ,2018-04-10,786.2,776.5,785.0,768.4,779.0,777.6,775.0,2193150,1699696502.9,118863,1223768,55.8,4,2018,1077.1531384759612,-0.010938692444670606,Slight or No change
226,M&amp;M,EQ,2018-04-11,777.6,781.5,790.6,773.95,787.5,789.0,783.72,1448946,1135564828.0,32473,851859,58.79,4,2018,1075.9995534669945,0.014660493827160392,Slight or No change
227,M&amp;M,EQ,2018-04-12,789.0,789.45,794.6,780.65,788.0,787.85,786.47,1146053,901338777.1,36428,606864,52.95,4,2018,1075.0900095282225,-0.0014575411913814174,Slight or No change
228,M&amp;M,EQ,2018-04-13,787.85,795.0,795.5,783.15,786.6,789.6,791.37,2183881,1728258346.3,55196,1385366,63.44,4,2018,1073.3830764551994,0.002221235006663713,Slight or No change
229,M&amp;M,EQ,2018-04-16,789.6,783.2,805.0,783.2,804.0,801.45,797.53,2896629,2310136096.25,77090,1800136,62.15,4,2018,1071.2435334579982,0.015007598784194665,Slight or No change
230,M&amp;M,EQ,2018-04-17,801.45,816.0,818.8,806.5,810.0,809.35,811.68,4339790,3522531557.2,99396,2695943,62.12,4,2018,1068.1923372515162,0.009857133944725094,Slight or No change
231,M&amp;M,EQ,2018-04-18,809.35,813.0,813.0,795.7,798.7,798.3,801.36,1503151,1204563125.35,59564,964366,64.16,4,2018,1067.1076093422455,-0.013652931364675491,Slight or No change
232,M&amp;M,EQ,2018-04-19,798.3,801.4,804.5,793.7,802.7,801.9,801.69,2590266,2076585190.3,61106,2004629,77.39,4,2018,1065.2834594884414,0.004509582863585049,Slight or No change
233,M&amp;M,EQ,2018-04-20,801.9,791.9,804.45,791.9,798.15,799.5,798.15,2561105,2044154500.4,69113,2062867,80.55,4,2018,1063.4881390890148,-0.002992891881780757,Slight or No change
234,M&amp;M,EQ,2018-04-23,799.5,803.9,833.8,800.05,823.05,824.3,819.87,2751312,2255725375.85,73505,1444774,52.51,4,2018,1061.764977359834,0.03101938711694796,Slight or No change
235,M&amp;M,EQ,2018-04-24,824.3,823.9,844.0,822.1,839.7,838.55,833.6,2872669,2394652822.45,49465,1820368,63.37,4,2018,1060.0984941268275,0.017287395365764846,Slight or No change
236,M&amp;M,EQ,2018-04-25,838.55,842.0,862.5,838.55,853.0,853.85,849.88,3602302,3061541531.4,81330,1926409,53.48,4,2018,1058.1854898041968,0.01824578140838362,Slight or No change
237,M&amp;M,EQ,2018-04-26,853.85,859.0,868.75,851.0,853.5,858.15,859.24,5461957,4693141689.75,79080,3019386,55.28,4,2018,1055.4113060332043,0.005036013351291224,Slight or No change
238,M&amp;M,EQ,2018-04-27,858.15,859.9,866.8,851.2,861.5,862.7,861.22,1087577,936643595.95,39945,486538,44.74,4,2018,1054.8806055682098,0.0053021033618831925,Slight or No change
239,M&amp;M,EQ,2018-04-30,862.7,864.4,878.95,864.1,873.05,873.3,872.56,1137366,992424195.4,39070,511716,44.99,4,2018,1054.3591671583836,0.012287005911672644,Slight or No change
240,M&amp;M,EQ,2018-05-02,873.3,879.5,879.8,861.0,863.5,863.15,868.86,1341643,1165705111.25,39897,634908,47.32,5,2018,1053.7136462106102,-0.011622581014542499,Slight or No change
241,M&amp;M,EQ,2018-05-03,863.15,863.0,875.5,851.6,861.45,865.1,865.95,2126154,1841132735.8,53132,1286216,60.49,5,2018,1052.7099202020856,0.002259167004576401,Slight or No change
242,M&amp;M,EQ,2018-05-04,865.1,864.95,868.5,852.35,855.1,854.3,858.07,961238,824812584.95,45764,561141,58.38,5,2018,1052.233710711011,-0.01248410588371296,Slight or No change
243,M&amp;M,EQ,2018-05-07,854.3,862.0,887.9,858.5,886.5,885.6,876.34,1916654,1679634790.05,43741,992761,51.8,5,2018,1051.4400463781446,0.03663818330797142,Slight or No change
244,M&amp;M,EQ,2018-05-08,885.6,886.0,886.5,859.5,865.25,865.3,866.65,1834833,1590160180.95,39961,1123090,61.21,5,2018,1050.5951743539804,-0.022922312556458935,Slight or No change
245,M&amp;M,EQ,2018-05-09,865.3,865.0,868.65,853.75,863.5,860.1,860.98,1630905,1404182244.35,46136,1013707,62.16,5,2018,1049.829721225632,-0.006009476482144893,Slight or No change
246,M&amp;M,EQ,2018-05-10,860.1,860.0,872.75,852.15,853.4,856.5,864.84,1369399,1184310384.35,45936,716656,52.33,5,2018,1049.1796337813978,-0.004185559818625784,Slight or No change
247,M&amp;M,EQ,2018-05-11,856.5,857.95,872.8,848.85,865.15,869.1,861.17,1304682,1123551347.35,50727,593797,45.51,5,2018,1048.6045603491145,0.014711033274956264,Slight or No change
248,M&amp;M,EQ,2018-05-14,869.1,872.0,874.0,850.0,850.05,852.65,856.82,1492933,1279176903.55,49092,958205,64.18,5,2018,1047.8911069460594,-0.01892762628005984,Slight or No change
249,M&amp;M,EQ,2018-05-15,852.65,853.9,865.0,837.1,849.5,847.05,854.4,2060487,1760477471.45,45229,1293296,62.77,5,2018,1046.886917801086,-0.006567759338532819,Slight or No change
250,M&amp;M,EQ,2018-05-16,847.05,845.5,857.75,834.2,854.5,853.1,847.83,1559853,1322490885.35,48094,759620,48.7,5,2018,1046.156181937104,0.007142435511481082,Slight or No change
251,M&amp;M,EQ,2018-05-17,853.1,855.05,859.5,846.0,847.5,849.0,851.18,1065979,907339066.45,49910,674894,63.31,5,2018,1045.649432073461,-0.004806001641073809,Slight or No change
252,M&amp;M,EQ,2018-05-18,849.0,848.25,853.8,828.05,836.05,836.0,839.34,1983383,1664726416.7,54191,1313403,66.22,5,2018,1044.6515875635246,-0.01531213191990577,Slight or No change
253,M&amp;M,EQ,2018-05-21,836.0,834.0,847.25,821.6,823.0,825.95,834.01,1670673,1393359340.65,59296,996471,59.64,5,2018,1043.778277816562,-0.012021531100478433,Slight or No change
254,M&amp;M,EQ,2018-05-22,825.95,822.2,837.0,812.25,830.0,830.2,826.39,1937535,1601150680.3,74497,1041331,53.75,5,2018,1042.7937568242553,0.00514558992675096,Slight or No change
255,M&amp;M,EQ,2018-05-23,830.2,828.1,835.5,820.55,831.35,831.8,828.65,1315364,1089982831.3,52023,608906,46.29,5,2018,1042.1355279467678,0.0019272464466393302,Slight or No change
256,M&amp;M,EQ,2018-05-24,831.8,837.0,847.8,831.9,842.6,843.05,841.56,1394760,1173773495.6,38931,501308,35.94,5,2018,1041.4791313961505,0.013524885789853336,Slight or No change
257,M&amp;M,EQ,2018-05-25,843.05,845.0,860.95,844.0,860.0,857.7,854.71,2069467,1768788075.8,63280,1348661,65.17,5,2018,1040.5844623117227,0.017377379752090638,Slight or No change
258,M&amp;M,EQ,2018-05-28,857.7,862.4,864.65,845.05,851.0,849.95,851.99,3096495,2638178797.0,45291,1933384,62.44,5,2018,1039.2058964086768,-0.00903579340095606,Slight or No change
259,M&amp;M,EQ,2018-05-29,849.95,854.0,875.7,850.0,874.95,870.25,862.32,4666224,4023793933.35,99185,1146432,24.57,5,2018,1037.38457073694,0.023883757868109923,Slight or No change
260,M&amp;M,EQ,2018-05-30,870.25,879.0,901.0,875.05,894.5,897.95,891.39,8212884,7320843042.7,174179,2746380,33.44,5,2018,1034.7882879511749,0.03182993392703248,Slight or No change
261,M&amp;M,EQ,2018-05-31,897.95,900.0,933.5,891.0,924.0,922.95,914.31,9417129,8610195782.9,174526,4574513,48.58,5,2018,1032.450419113804,0.02784119383039152,Slight or No change
262,M&amp;M,EQ,2018-06-01,922.95,922.5,927.5,897.05,901.65,901.6,912.31,3431462,3130552826.0,111901,1179262,34.37,6,2018,1031.4612514969265,-0.023132347364429262,Slight or No change
263,M&amp;M,EQ,2018-06-04,901.6,908.0,918.35,906.0,913.0,914.5,913.81,3364222,3074243037.25,102898,1693908,50.35,6,2018,1030.6007822159847,0.014307897071872189,Slight or No change
264,M&amp;M,EQ,2018-06-05,914.5,912.0,915.9,898.5,905.8,901.3,906.51,1836194,1664521623.0,76536,1027280,55.95,6,2018,1030.0836661089045,-0.01443411700382724,Slight or No change
265,M&amp;M,EQ,2018-06-06,901.3,902.4,917.1,896.85,914.25,914.3,909.52,2102493,1912266880.95,76100,970692,46.17,6,2018,1029.5558702698534,0.014423610340619009,Slight or No change
266,M&amp;M,EQ,2018-06-07,914.3,919.0,927.95,916.0,918.95,920.3,921.76,2668799,2460002992.25,112432,1597076,59.84,6,2018,1028.9273214089612,0.006562397462539726,Slight or No change
267,M&amp;M,EQ,2018-06-08,920.3,917.0,917.65,903.1,908.6,911.65,909.67,1335422,1214788311.7,46244,649609,48.64,6,2018,1028.5906838627245,-0.009399108986200111,Slight or No change
268,M&amp;M,EQ,2018-06-11,911.65,912.2,920.0,910.0,915.0,916.85,916.44,1747134,1601146937.75,86672,1214193,69.5,6,2018,1028.1726228836242,0.005703943399330891,Slight or No change
269,M&amp;M,EQ,2018-06-12,916.85,920.0,926.4,914.05,916.0,917.6,920.42,2032546,1870787897.5,73164,1122266,55.21,6,2018,1027.6934371200427,0.0008180182145389736,Slight or No change
270,M&amp;M,EQ,2018-06-13,917.6,918.0,921.4,914.75,915.0,917.65,918.25,1353228,1242600338.65,78477,884968,65.4,6,2018,1027.3768452338375,5.448997384482901e-05,Slight or No change
271,M&amp;M,EQ,2018-06-14,917.65,914.1,925.0,909.55,922.55,922.05,918.47,1385264,1272320670.45,53952,938681,67.76,6,2018,1027.06756003992,0.004794856426742156,Slight or No change
272,M&amp;M,EQ,2018-06-15,922.05,922.55,924.4,902.85,908.35,909.45,910.78,2619109,2385424534.05,75116,1942503,74.17,6,2018,1026.4181653150126,-0.013665202537823218,Slight or No change
273,M&amp;M,EQ,2018-06-18,909.45,915.0,921.05,909.0,914.5,913.9,915.64,1496081,1369870184.9,70627,883020,59.02,6,2018,1026.064417934795,0.004893067238440851,Slight or No change
274,M&amp;M,EQ,2018-06-19,913.9,915.0,915.05,886.0,893.0,891.4,898.84,1878313,1688298963.1,80678,1027236,54.69,6,2018,1025.5349673226456,-0.02461976146186673,Slight or No change
275,M&amp;M,EQ,2018-06-20,891.4,896.0,908.85,892.45,903.1,904.4,899.94,2671370,2404059698.85,83586,1316636,49.29,6,2018,1024.8613914043112,0.014583800762844934,Slight or No change
276,M&amp;M,EQ,2018-06-21,904.4,909.8,909.8,874.1,883.1,883.6,888.01,4202520,3731867667.9,148517,2479898,59.01,6,2018,1023.6363981372853,-0.022998673153471816,Slight or No change
277,M&amp;M,EQ,2018-06-22,883.6,882.8,912.7,882.05,910.0,908.2,902.31,4589148,4140842244.0,102882,2611662,56.91,6,2018,1022.5535139513098,0.027840651878678235,Slight or No change
278,M&amp;M,EQ,2018-06-25,908.2,912.0,914.5,901.0,905.15,905.6,906.38,2984963,2705514766.3,77842,2024463,67.82,6,2018,1021.8442342137979,-0.0028628055494385185,Slight or No change
279,M&amp;M,EQ,2018-06-26,905.6,905.0,915.0,891.1,895.05,898.0,908.17,2106484,1913054094.5,65054,1332083,63.24,6,2018,1021.3164643896529,-0.008392226148409954,Slight or No change
280,M&amp;M,EQ,2018-06-27,898.0,900.0,906.3,885.55,892.85,892.65,897.11,2168303,1945201832.7,71904,1286278,59.32,6,2018,1020.7545178317597,-0.005957683741648179,Slight or No change
281,M&amp;M,EQ,2018-06-28,892.65,892.65,917.7,891.05,906.5,907.75,908.2,4493297,4080816135.1,89436,2518377,56.05,6,2018,1019.7409386359792,0.01691592449448276,Slight or No change
282,M&amp;M,EQ,2018-06-29,907.75,909.0,914.9,894.85,896.6,897.7,899.64,2441612,2196562880.65,86615,1580792,64.74,6,2018,1019.1490126656003,-0.011071330212062747,Slight or No change
283,M&amp;M,EQ,2018-07-02,897.7,907.0,907.7,878.65,885.05,886.65,888.41,2180118,1936848759.6,71682,972518,44.61,7,2018,1018.5776641825124,-0.012309234710928041,Slight or No change
284,M&amp;M,EQ,2018-07-03,886.65,886.9,898.5,879.05,894.0,894.2,891.23,1406654,1253648816.45,60404,680376,48.37,7,2018,1018.2325748923937,0.008515197654091367,Slight or No change
285,M&amp;M,EQ,2018-07-04,894.2,895.0,902.7,885.5,901.9,900.1,896.67,1457165,1306592822.3,36595,766518,52.6,7,2018,1017.8940163623909,0.006598076492954519,Slight or No change
286,M&amp;M,EQ,2018-07-05,900.1,901.6,916.0,901.6,911.5,912.35,910.24,1935437,1761718869.2,66639,839539,43.38,7,2018,1017.4937786765317,0.013609598933451927,Slight or No change
287,M&amp;M,EQ,2018-07-06,912.35,914.95,927.0,902.85,925.5,924.95,917.83,2998570,2752179840.9,96892,1506597,50.24,7,2018,1016.9532451198223,0.0138104893955171,Slight or No change
288,M&amp;M,EQ,2018-07-09,924.95,931.0,940.0,927.6,932.5,932.75,934.41,2472960,2310747681.15,81746,1098789,44.43,7,2018,1016.5495809713068,0.008432888264230387,Slight or No change
289,M&amp;M,EQ,2018-07-10,932.75,937.4,937.5,926.4,928.95,930.55,930.65,1617650,1505468341.9,86692,799200,49.41,7,2018,1016.2807400388657,-0.002358616992763407,Slight or No change
290,M&amp;M,EQ,2018-07-11,930.55,928.95,939.7,926.45,931.55,931.0,932.71,2732003,2548173182.65,109709,1736426,63.56,7,2018,1015.8328619807031,0.0004835849766267053,Slight or No change
291,M&amp;M,EQ,2018-07-12,931.0,931.0,931.0,910.0,914.4,915.8,917.53,2173358,1994121296.8,107525,1187661,54.65,7,2018,1015.4166726372421,-0.016326530612244983,Slight or No change
292,M&amp;M,EQ,2018-07-13,915.8,918.5,925.9,902.0,907.0,906.7,911.13,2296504,2092424381.1,66556,1237649,53.89,7,2018,1014.9408169555306,-0.009936667394627507,Slight or No change
293,M&amp;M,EQ,2018-07-16,906.7,905.0,915.7,895.0,900.0,900.35,903.52,1901810,1718317716.65,70723,846898,44.53,7,2018,1014.5269531212109,-0.007003418991948895,Slight or No change
294,M&amp;M,EQ,2018-07-17,900.35,903.0,925.3,901.1,924.0,922.45,916.2,1791101,1641009860.4,54166,767183,42.83,7,2018,1014.2148221681792,0.02454600988504474,Slight or No change
295,M&amp;M,EQ,2018-07-18,922.45,926.6,929.8,900.0,903.15,902.45,910.22,1442856,1313313020.5,95945,665809,46.15,7,2018,1013.9104467386688,-0.021681391945362893,Slight or No change
296,M&amp;M,EQ,2018-07-19,902.45,906.0,922.4,906.0,912.45,913.0,914.21,2040980,1865890375.2,72209,873507,42.8,7,2018,1013.5232011053967,0.011690398360019838,Slight or No change
297,M&amp;M,EQ,2018-07-20,913.0,913.0,915.2,904.0,908.7,909.75,908.95,1667834,1515971070.75,64274,1072698,64.32,7,2018,1013.1987943361744,-0.0035596933187295177,Slight or No change
298,M&amp;M,EQ,2018-07-23,909.75,910.0,913.0,904.0,907.2,910.4,909.27,1179253,1072264341.35,39654,723547,61.36,7,2018,1012.9720752912605,0.0007144820005495767,Slight or No change
299,M&amp;M,EQ,2018-07-24,910.4,913.85,924.9,911.2,920.0,920.4,918.78,1982289,1821284707.85,76514,1188656,59.96,7,2018,1012.6301487034204,0.010984182776801354,Slight or No change
300,M&amp;M,EQ,2018-07-25,920.4,924.9,925.0,908.7,909.6,910.1,913.93,1433236,1309874730.75,59054,733067,51.15,7,2018,1012.3570642793271,-0.011190786614515336,Slight or No change
301,M&amp;M,EQ,2018-07-26,910.1,914.4,916.9,906.0,912.0,913.6,911.85,2785063,2539549985.4,87536,1891750,67.92,7,2018,1011.8485667096277,0.003845731238325545,Slight or No change
302,M&amp;M,EQ,2018-07-27,913.6,915.0,915.9,902.8,909.65,909.85,908.58,1658854,1507203164.15,61461,1007035,60.71,7,2018,1011.5367078846542,-0.004104640980735597,Slight or No change
303,M&amp;M,EQ,2018-07-30,909.85,916.0,935.0,912.05,933.3,933.25,926.91,2458481,2278785313.1,56781,1059687,43.1,7,2018,1011.1835676356894,0.02571852503159855,Slight or No change
304,M&amp;M,EQ,2018-07-31,933.25,935.0,941.8,924.55,934.1,935.95,933.54,2011316,1877648439.3,86458,1064011,52.9,7,2018,1010.9069470286034,0.0028931154567373163,Slight or No change
305,M&amp;M,EQ,2018-08-01,935.95,939.5,943.4,926.1,929.0,929.75,934.28,2000884,1869395541.0,63736,1039891,51.97,8,2018,1010.6111767479699,-0.006624285485335779,Slight or No change
306,M&amp;M,EQ,2018-08-02,929.75,925.75,925.75,910.05,911.25,911.3,915.14,1652795,1512540671.85,41887,1019499,61.68,8,2018,1010.3131065214193,-0.019844044097875768,Slight or No change
307,M&amp;M,EQ,2018-08-03,911.3,914.05,925.0,914.05,920.25,920.65,919.66,1575164,1448618549.85,51009,1046233,66.42,8,2018,1010.0573654063002,0.010260068034675829,Slight or No change
308,M&amp;M,EQ,2018-08-06,920.65,921.95,935.8,920.55,934.0,932.4,928.95,1702042,1581112156.35,41800,964232,56.65,8,2018,1009.8187615339561,0.012762721989898473,Slight or No change
309,M&amp;M,EQ,2018-08-07,932.4,940.95,944.0,923.3,926.0,927.0,934.1,5202023,4859228430.75,137386,1583052,30.43,8,2018,1009.0482728339898,-0.00579150579150578,Slight or No change
310,M&amp;M,EQ,2018-08-08,927.0,936.9,938.95,924.0,927.8,928.3,929.99,2056171,1912209451.85,83892,1010276,49.13,8,2018,1008.7524282248165,0.001402373247033406,Slight or No change
311,M&amp;M,EQ,2018-08-09,928.3,929.0,940.0,927.5,932.0,933.2,934.19,2452570,2291165583.4,104094,1309110,53.38,8,2018,1008.423692239825,0.005278466013142413,Slight or No change
312,M&amp;M,EQ,2018-08-10,933.2,932.0,952.7,929.15,944.25,945.95,944.17,3163115,2986528044.15,100345,1645164,52.01,8,2018,1008.0750666537486,0.013662666095156428,Slight or No change
313,M&amp;M,EQ,2018-08-13,945.95,944.0,966.4,938.6,955.0,954.5,956.73,4285645,4100198421.8,108694,2458408,57.36,8,2018,1007.6730400562408,0.00903853269200261,Slight or No change
314,M&amp;M,EQ,2018-08-14,954.5,958.9,961.9,948.0,950.0,950.45,954.44,1801054,1719000689.85,50039,1001605,55.61,8,2018,1007.4931504338656,-0.004243059193294818,Slight or No change
315,M&amp;M,EQ,2018-08-16,950.45,945.0,965.25,944.0,950.7,951.25,956.02,1832039,1751460412.6,72374,1113833,60.8,8,2018,1007.313872739507,0.0008417065600505591,Slight or No change
316,M&amp;M,EQ,2018-08-17,951.25,954.55,968.8,950.15,961.4,961.5,962.24,2246030,2161219549.1,52781,1450828,64.6,8,2018,1007.1355360857124,0.01077529566360047,Slight or No change
317,M&amp;M,EQ,2018-08-20,961.5,967.65,982.25,962.1,969.55,969.55,972.93,1877608,1826777968.75,64413,915599,48.76,8,2018,1007.0136251171658,0.008372334893395728,Slight or No change
318,M&amp;M,EQ,2018-08-21,969.55,973.0,976.65,955.5,959.0,957.8,965.85,1557070,1503895589.4,73340,945479,60.72,8,2018,1006.8816038221689,-0.012119024289618863,Slight or No change
319,M&amp;M,EQ,2018-08-23,957.8,960.0,970.0,954.3,960.0,963.1,962.2,1978510,1903727730.1,81035,1211852,61.25,8,2018,1006.732872462299,0.005533514303612597,Slight or No change
320,M&amp;M,EQ,2018-08-24,963.1,966.2,972.4,961.15,968.0,968.3,968.39,1634893,1583206546.0,51295,1037621,63.47,8,2018,1006.6252885335371,0.0053992316478039815,Slight or No change
321,M&amp;M,EQ,2018-08-27,968.3,974.3,983.9,967.8,979.5,976.45,973.76,1635797,1592872673.15,62708,1097023,67.06,8,2018,1006.5410091440789,0.008416812971186793,Slight or No change
322,M&amp;M,EQ,2018-08-28,976.45,982.0,987.65,974.1,977.45,980.5,982.07,1460036,1433853406.15,53237,795618,54.49,8,2018,1006.4762530548708,0.004147677812484041,Slight or No change
323,M&amp;M,EQ,2018-08-29,980.5,981.35,993.0,975.45,984.95,983.85,987.0,1795568,1772225052.1,64515,1093425,60.9,8,2018,1006.4072691749238,0.0034166241713411427,Slight or No change
324,M&amp;M,EQ,2018-08-30,983.85,984.95,991.6,977.9,981.9,982.95,984.93,1831626,1804027678.95,45754,949021,51.81,8,2018,1006.3345416543199,-0.0009147735935355339,Slight or No change
325,M&amp;M,EQ,2018-08-31,982.95,982.0,988.0,959.15,965.3,965.3,968.14,2243187,2171723106.55,98835,1431334,63.81,8,2018,1006.179319513795,-0.017956152398392655,Slight or No change
326,M&amp;M,EQ,2018-09-03,965.3,974.9,974.95,942.0,945.6,947.8,960.64,2189450,2103264249.1,65184,1007346,46.01,9,2018,1005.9645700166764,-0.0181290790427846,Slight or No change
327,M&amp;M,EQ,2018-09-04,947.8,952.2,955.7,928.1,934.75,931.75,941.85,2067396,1947180606.85,70503,970502,46.94,9,2018,1005.7076812854623,-0.01693395231061401,Slight or No change
328,M&amp;M,EQ,2018-09-05,931.75,930.0,945.0,914.4,931.05,929.4,929.75,2133045,1983195485.55,79639,1146114,53.73,9,2018,1005.4361297721362,-0.0025221357660316635,Slight or No change
329,M&amp;M,EQ,2018-09-06,929.4,935.0,943.7,927.5,932.2,934.95,934.56,2144816,2004450972.15,120820,1185972,55.29,9,2018,1005.1848101453166,0.005971594577146577,Slight or No change
330,M&amp;M,EQ,2018-09-07,934.95,940.1,977.65,935.05,973.5,973.7,959.49,3132025,3005132931.95,74862,1681345,53.68,9,2018,1005.0217290391977,0.04144606663457928,Slight or No change
331,M&amp;M,EQ,2018-09-10,973.7,970.65,976.15,934.6,939.0,937.35,955.52,2151834,2056122047.4,67376,1267067,58.88,9,2018,1004.7817625341321,-0.037331827051453215,Slight or No change
332,M&amp;M,EQ,2018-09-11,937.35,943.0,961.0,936.3,947.0,943.15,949.88,3909701,3713736740.1,88297,1621351,41.47,9,2018,1004.3872202072147,0.006187656691737375,Slight or No change
333,M&amp;M,EQ,2018-09-12,943.15,948.45,951.0,912.4,937.0,938.15,930.96,2787531,2595088537.75,84862,1006775,36.12,9,2018,1004.0862735158396,-0.005301383661135528,Slight or No change
334,M&amp;M,EQ,2018-09-14,938.15,941.2,954.8,928.05,950.55,951.9,945.33,2803861,2650575717.7,80167,1274114,45.44,9,2018,1003.848862812782,0.01465650482332248,Slight or No change
335,M&amp;M,EQ,2018-09-17,951.9,947.65,956.4,936.6,952.0,950.85,950.0,1978897,1879950531.5,65736,1299011,65.64,9,2018,1003.6792396805489,-0.0011030570438070875,Slight or No change
336,M&amp;M,EQ,2018-09-18,950.85,949.45,961.0,940.4,945.9,946.55,954.03,2227889,2125467702.2,82145,1355614,60.85,9,2018,1003.4741304093601,-0.0045222695482989295,Slight or No change
337,M&amp;M,EQ,2018-09-19,946.55,947.0,965.65,938.2,949.25,948.9,954.05,2083160,1987435262.85,96375,1026185,49.26,9,2018,1003.2915360951388,0.002482700332787413,Slight or No change
338,M&amp;M,EQ,2018-09-21,948.9,963.0,976.7,870.0,960.0,959.9,956.62,4633394,4432409353.65,110694,2405018,51.91,9,2018,1002.9710109575017,0.01159237011276204,Slight or No change
339,M&amp;M,EQ,2018-09-24,959.9,955.0,958.2,885.0,898.0,896.05,904.51,4569708,4133332589.05,141883,2330590,51.0,9,2018,1002.1976952042387,-0.06651734555682887,Slight or No change
340,M&amp;M,EQ,2018-09-25,896.05,896.0,900.0,865.25,896.0,893.0,884.14,4269089,3774462808.7,143920,2207358,51.71,9,2018,1001.464820953019,-0.0034038279113888237,Slight or No change
341,M&amp;M,EQ,2018-09-26,893.0,903.0,917.85,885.3,887.5,893.35,900.84,2357565,2123778151.85,58651,1077710,45.71,9,2018,1001.0655910833076,0.0003919372900336171,Slight or No change
342,M&amp;M,EQ,2018-09-27,893.35,888.0,895.45,866.5,874.0,877.45,880.9,2588148,2279896013.9,86387,1208032,46.68,9,2018,1000.566500371655,-0.01779817540717521,Slight or No change
343,M&amp;M,EQ,2018-09-28,877.45,877.45,880.95,839.55,864.5,860.95,859.14,4188699,3598698735.7,139848,2528819,60.37,9,2018,999.6601325674337,-0.01880449028434672,Slight or No change
344,M&amp;M,EQ,2018-10-01,860.95,860.5,864.45,840.95,847.15,847.6,850.0,3060818,2601688880.8,76480,1801446,58.86,10,2018,998.9421959454826,-0.015506126952784749,Slight or No change
345,M&amp;M,EQ,2018-10-03,847.6,845.5,845.5,787.0,788.0,791.6,809.31,6680994,5406994718.1,253657,3888638,58.2,10,2018,996.8272014542571,-0.06606890042472868,Slight or No change
346,M&amp;M,EQ,2018-10-04,791.6,780.15,800.0,765.45,791.5,794.7,787.24,5036305,3964798125.05,201445,2395857,47.57,10,2018,995.2848243817602,0.003916119252147521,Slight or No change
347,M&amp;M,EQ,2018-10-05,794.7,791.0,795.75,752.9,766.0,769.55,771.06,5157618,3976847863.35,166975,2740187,53.13,10,2018,993.534490519845,-0.03164716245123955,Slight or No change
348,M&amp;M,EQ,2018-10-08,769.55,768.75,780.95,753.3,776.05,774.85,768.34,3874262,2976758976.6,146806,2024791,52.26,10,2018,992.2681284375622,0.006887141836138033,Slight or No change
349,M&amp;M,EQ,2018-10-09,774.85,775.55,782.45,760.3,763.0,764.8,769.84,2933355,2258216758.05,116065,1631331,55.61,10,2018,991.275158442087,-0.012970252306898189,Slight or No change
350,M&amp;M,EQ,2018-10-10,764.8,768.0,774.6,750.9,764.9,764.1,762.79,7578601,5780889152.45,149475,5320618,70.21,10,2018,988.7416043504035,-0.0009152719665270759,Slight or No change
351,M&amp;M,EQ,2018-10-11,764.1,747.0,756.5,715.0,730.0,730.15,738.65,6199047,4578899638.1,187876,4129950,66.62,10,2018,986.403974002412,-0.04443135715220525,Slight or No change
352,M&amp;M,EQ,2018-10-12,730.15,738.5,775.9,735.55,768.5,768.5,766.79,4477653,3433436655.85,167204,2054864,45.89,10,2018,984.9903773145452,0.05252345408477721,Slight or No change
353,M&amp;M,EQ,2018-10-15,768.5,775.0,775.45,738.0,749.9,749.0,746.19,5282462,3941711075.35,103920,3186327,60.32,10,2018,983.1979997595373,-0.025374105400130076,Slight or No change
354,M&amp;M,EQ,2018-10-16,749.0,753.6,780.0,750.1,779.0,777.7,770.65,4357854,3358379369.8,126037,2010022,46.12,10,2018,981.9184227911198,0.03831775700934581,Slight or No change
355,M&amp;M,EQ,2018-10-17,777.7,789.2,790.75,751.2,757.55,759.4,766.64,2634539,2019751015.85,82100,911095,34.58,10,2018,981.0839254171565,-0.023530924521023566,Slight or No change
356,M&amp;M,EQ,2018-10-19,759.4,748.1,758.0,732.1,742.85,741.2,743.06,2985488,2218381956.3,102223,1546516,51.8,10,2018,980.0687780625915,-0.0239662891756649,Slight or No change
357,M&amp;M,EQ,2018-10-22,741.2,747.0,749.0,731.0,731.7,733.75,738.41,1842855,1360778304.65,81763,832206,45.16,10,2018,979.4270244544142,-0.01005126821370761,Slight or No change
358,M&amp;M,EQ,2018-10-23,733.75,730.5,734.4,716.2,732.95,729.95,724.46,2967082,2149521864.8,79818,1716639,57.86,10,2018,978.3848947444604,-0.005178875638841451,Slight or No change
359,M&amp;M,EQ,2018-10-24,729.95,740.8,749.2,725.65,735.0,736.25,736.69,3729119,2747208066.3,101788,2112212,56.64,10,2018,977.1203005902834,0.00863072813206367,Slight or No change
360,M&amp;M,EQ,2018-10-25,736.25,728.0,744.5,724.0,733.35,733.75,736.04,3966709,2919670218.65,95313,2252456,56.78,10,2018,975.7757428736592,-0.00339558573853993,Slight or No change
361,M&amp;M,EQ,2018-10-26,733.75,731.0,741.8,722.7,727.0,728.2,732.04,1813847,1327810526.1,68581,853698,47.07,10,2018,975.1518722969794,-0.007563884156729039,Slight or No change
362,M&amp;M,EQ,2018-10-29,728.2,728.0,752.85,728.0,745.4,749.5,744.66,1954444,1455401191.4,50465,940989,48.15,10,2018,974.5408313465257,0.02925020598736605,Slight or No change
363,M&amp;M,EQ,2018-10-30,749.5,751.0,762.75,737.0,746.35,746.3,750.79,2756355,2069454438.5,73757,1496181,54.28,10,2018,973.6725084596284,-0.00426951300867251,Slight or No change
364,M&amp;M,EQ,2018-10-31,746.3,749.0,769.1,735.15,764.5,765.95,752.03,3093083,2326092984.35,108708,1833376,59.27,10,2018,972.7894737906308,0.026329894144446087,Slight or No change
365,M&amp;M,EQ,2018-11-01,765.95,770.5,778.7,751.0,756.0,756.05,764.6,4171044,3189195991.5,101994,2127935,51.02,11,2018,971.5540871384278,-0.012925125660944059,Slight or No change
366,M&amp;M,EQ,2018-11-02,756.05,765.05,795.9,765.05,783.6,783.55,784.05,4117317,3228173086.3,105060,1841461,44.72,11,2018,970.5022099724385,0.03637325573705441,Slight or No change
367,M&amp;M,EQ,2018-11-05,783.55,784.0,784.65,770.0,772.9,775.45,775.02,2168486,1680628521.0,114407,1316038,60.69,11,2018,969.9291328606429,-0.010337566205092075,Slight or No change
368,M&amp;M,EQ,2018-11-06,775.45,780.0,782.0,768.85,777.3,778.4,775.24,1839552,1426096861.45,42395,1107806,60.22,11,2018,969.452952600211,0.0038042426977882293,Slight or No change
369,M&amp;M,EQ,2018-11-07,778.4,788.0,794.0,783.65,793.5,792.9,792.06,731279,579218413.2,16440,180714,24.71,11,2018,969.2786300606884,0.018627954779034006,Slight or No change
370,M&amp;M,EQ,2018-11-09,792.9,800.0,805.9,791.0,795.25,795.25,797.54,3085813,2461044198.7,99506,1052230,34.1,11,2018,968.5565587992598,0.0029638037583554766,Slight or No change
371,M&amp;M,EQ,2018-11-12,795.25,798.0,807.7,778.1,778.6,780.9,790.15,2101138,1660219678.4,56802,946798,45.06,11,2018,968.0278910047666,-0.01804464005029871,Slight or No change
372,M&amp;M,EQ,2018-11-13,780.9,775.5,793.8,773.85,788.85,790.05,785.81,3010295,2365529548.1,66274,1689827,56.13,11,2018,967.3124229164858,0.011717249327698687,Slight or No change
373,M&amp;M,EQ,2018-11-14,790.05,793.1,797.4,765.5,772.15,769.6,779.25,4237768,3302298015.5,81970,1793141,42.31,11,2018,966.1998320913622,-0.025884437693816764,Slight or No change
374,M&amp;M,EQ,2018-11-15,769.6,774.0,775.8,755.0,767.5,766.5,765.04,4315301,3301364691.55,109133,2359480,54.68,11,2018,965.0620172118328,-0.004028066528066532,Slight or No change
375,M&amp;M,EQ,2018-11-16,766.5,767.65,776.5,759.75,768.2,767.6,769.7,2373384,1826788990.8,73162,1098130,46.27,11,2018,964.4451728567359,0.001435094585779506,Slight or No change
376,M&amp;M,EQ,2018-11-19,767.6,775.3,783.6,770.1,781.2,781.35,778.35,2681651,2087255559.55,67818,1349293,50.32,11,2018,963.8011919716312,0.017912975508077134,Slight or No change
377,M&amp;M,EQ,2018-11-20,781.35,780.0,792.4,773.35,782.0,782.6,786.58,2902880,2283338018.05,82452,1527296,52.61,11,2018,963.1139121596636,0.0015997952262110093,Slight or No change
378,M&amp;M,EQ,2018-11-21,782.6,787.8,787.8,764.7,769.4,769.1,772.01,1851514,1429383632.8,81516,916349,49.49,11,2018,962.6456878545043,-0.017250191668796266,Slight or No change
379,M&amp;M,EQ,2018-11-22,769.1,770.1,772.95,743.1,745.9,746.1,753.82,2578750,1943920830.85,86596,1095917,42.5,11,2018,961.9202578264453,-0.029905083864256943,Slight or No change
380,M&amp;M,EQ,2018-11-26,746.1,748.0,755.0,739.25,747.6,747.9,746.92,2676798,1999341700.1,69774,1328691,49.64,11,2018,961.178606732225,0.0024125452352230514,Slight or No change
381,M&amp;M,EQ,2018-11-27,747.9,747.0,753.9,738.1,752.5,751.75,744.91,2179714,1623684721.35,73613,1204755,55.27,11,2018,960.5893006768987,0.005147747025003424,Slight or No change
382,M&amp;M,EQ,2018-11-28,751.75,754.7,759.2,745.55,749.95,748.4,752.23,2007876,1510379266.3,76611,1104787,55.02,11,2018,960.0407187407566,-0.004456268706351851,Slight or No change
383,M&amp;M,EQ,2018-11-29,748.4,756.0,780.3,752.0,775.6,773.2,769.6,5038807,3877857412.45,98685,3150949,62.53,11,2018,958.8363158268838,0.03313735970069498,Slight or No change
384,M&amp;M,EQ,2018-11-30,773.2,778.0,796.0,776.7,790.95,790.9,790.42,5214780,4121886441.75,148027,3114205,59.72,11,2018,957.7233918918995,0.02289187790998448,Slight or No change
385,M&amp;M,EQ,2018-12-03,790.9,800.0,800.8,756.6,763.45,761.05,769.18,5839713,4491765500.05,151234,2985027,51.12,12,2018,956.2745837459017,-0.037741813124288814,Slight or No change
386,M&amp;M,EQ,2018-12-04,761.05,762.0,762.0,738.5,741.65,740.3,744.28,7101096,5285178049.85,172141,4287713,60.38,12,2018,954.3571127001002,-0.02726496288023128,Slight or No change
387,M&amp;M,EQ,2018-12-05,740.3,740.3,740.3,715.1,718.9,718.05,726.34,4837874,3513958884.1,186878,2685032,55.5,12,2018,952.9363774096273,-0.030055382952856924,Slight or No change
388,M&amp;M,EQ,2018-12-06,718.05,717.5,722.0,706.5,712.45,710.95,713.49,3970063,2832581243.65,137368,1591231,40.08,12,2018,951.7483329433917,-0.009887890815402756,Slight or No change
389,M&amp;M,EQ,2018-12-07,710.95,726.8,726.8,709.6,720.0,721.1,717.07,2716587,1947987260.85,75894,810262,29.83,12,2018,950.9760760876743,0.01427667205851324,Slight or No change
390,M&amp;M,EQ,2018-12-10,721.1,710.0,725.5,700.0,710.0,710.55,715.56,3150111,2254107302.9,112237,1264857,40.15,12,2018,950.0462272169862,-0.014630425738455188,Slight or No change
391,M&amp;M,EQ,2018-12-11,710.55,699.9,729.9,694.0,722.35,722.35,714.15,4383980,3130833012.1,140079,1773518,40.45,12,2018,948.8272430184231,0.016606853845612557,Slight or No change
392,M&amp;M,EQ,2018-12-12,722.35,725.0,753.0,721.25,750.5,750.8,743.74,3460143,2573455432.95,105018,1355300,39.17,12,2018,947.9940196061553,0.039385339516854634,Slight or No change
393,M&amp;M,EQ,2018-12-13,750.8,755.0,765.1,746.25,758.2,759.2,757.52,3510371,2659167359.55,119857,1667961,47.52,12,2018,947.1915403769952,0.011188066062866486,Slight or No change
394,M&amp;M,EQ,2018-12-14,759.2,753.1,764.0,751.6,757.0,757.25,757.08,1760631,1332943789.65,58677,768238,43.63,12,2018,946.7874709657665,-0.0025684931506849695,Slight or No change
395,M&amp;M,EQ,2018-12-17,757.25,760.0,763.0,750.5,755.6,756.35,756.1,2022203,1528985226.65,53855,1195859,59.14,12,2018,946.3232925148242,-0.0011885110597557036,Slight or No change
396,M&amp;M,EQ,2018-12-18,756.35,755.6,772.0,752.4,772.0,770.95,767.24,3600834,2762721796.35,112030,1437568,39.92,12,2018,945.5654245946911,0.019303232630395906,Slight or No change
397,M&amp;M,EQ,2018-12-19,770.95,775.0,787.0,767.1,785.9,782.65,778.36,3361238,2616269294.2,96963,1682898,50.07,12,2018,944.9108787708539,0.01517608145794136,Slight or No change
398,M&amp;M,EQ,2018-12-20,782.65,779.7,797.0,778.5,794.95,795.45,791.12,2707144,2141673113.85,88059,1384605,51.15,12,2018,944.428803972883,0.016354692391234993,Slight or No change
399,M&amp;M,EQ,2018-12-21,795.45,795.0,814.0,777.7,778.2,781.15,794.63,6125095,4867174872.1,174532,2484219,40.56,12,2018,943.2458705056112,-0.017977245584260615,Slight or No change
400,M&amp;M,EQ,2018-12-24,781.15,782.9,792.5,775.0,788.15,788.65,786.12,2034516,1599368722.85,68871,691308,33.98,12,2018,942.8747347292888,0.00960122895730664,Slight or No change
401,M&amp;M,EQ,2018-12-26,788.65,785.65,793.5,772.0,789.0,787.7,782.92,1683700,1318194932.05,41571,621571,36.92,12,2018,942.5670559268203,-0.00120459012236096,Slight or No change
402,M&amp;M,EQ,2018-12-27,787.7,794.5,802.0,788.1,793.05,795.65,795.31,3156130,2510116056.15,101098,1393369,44.15,12,2018,942.023019763661,0.010092674876221785,Slight or No change
403,M&amp;M,EQ,2018-12-28,795.65,799.35,807.0,797.0,803.8,803.55,803.62,1820270,1462808502.9,46993,765669,42.06,12,2018,941.7279157489379,0.009928988877018652,Slight or No change
404,M&amp;M,EQ,2018-12-31,803.55,808.9,810.0,801.2,804.8,803.85,804.38,2232551,1795827308.4,57577,1056785,47.34,12,2018,941.3684673485798,0.0003733432891543931,Slight or No change
405,M&amp;M,EQ,2019-01-01,803.85,805.0,805.85,771.3,773.0,773.35,779.59,3442903,2684066367.55,77276,1174665,34.12,1,2019,940.6956770168283,-0.03794240218946321,Slight or No change
406,M&amp;M,EQ,2019-01-02,773.35,772.8,772.8,735.1,740.55,741.7,746.6,10596260,7911210686.5,216753,5107791,48.2,1,2019,938.2731163329756,-0.04092584211547157,Slight or No change
407,M&amp;M,EQ,2019-01-03,741.7,743.4,744.85,716.2,718.0,718.3,727.46,11084172,8063346041.5,213800,5426021,48.95,1,2019,935.5070940244866,-0.03154914385870311,Slight or No change
408,M&amp;M,EQ,2019-01-04,718.3,720.0,728.3,712.5,726.7,725.6,721.99,5919404,4273724187.25,151647,1964823,33.19,1,2019,934.1069223929179,0.010162884588612142,Slight or No change
409,M&amp;M,EQ,2019-01-07,725.6,734.55,735.9,723.55,730.0,729.55,729.45,2792255,2036816712.5,78129,1223471,43.82,1,2019,933.465297711773,0.005443770672546755,Slight or No change
410,M&amp;M,EQ,2019-01-08,729.55,720.0,733.2,717.5,723.0,723.4,724.84,4764487,3453494869.75,132319,2446879,51.36,1,2019,932.3469829591171,-0.008429854019601057,Slight or No change
411,M&amp;M,EQ,2019-01-09,723.4,729.0,729.95,720.15,725.8,726.3,724.68,2569424,1862012367.35,87297,1467717,57.12,1,2019,931.7571207568474,0.0040088471108652435,Slight or No change
412,M&amp;M,EQ,2019-01-10,726.3,728.0,734.85,722.8,732.5,733.2,731.85,2550750,1866759028.5,84683,1236805,48.49,1,2019,931.1944304925547,0.00950020652622885,Slight or No change
413,M&amp;M,EQ,2019-01-11,733.2,735.0,735.0,721.25,725.4,727.9,725.77,2215240,1607760996.45,51923,937456,42.32,1,2019,930.6953222328568,-0.007228587015821186,Slight or No change
414,M&amp;M,EQ,2019-01-14,727.9,725.0,726.4,714.3,726.0,724.55,721.22,1713221,1235609268.0,54020,659461,38.49,1,2019,930.3046509024181,-0.004602280533040237,Slight or No change
415,M&amp;M,EQ,2019-01-15,724.55,727.5,730.0,723.35,726.75,726.9,726.92,2138402,1554439626.2,72011,1287796,60.22,1,2019,929.8246425333447,0.0032433924504864375,Slight or No change
416,M&amp;M,EQ,2019-01-16,726.9,727.3,732.5,724.55,726.6,726.25,728.21,1288969,938635406.5,37499,605336,46.96,1,2019,929.5354764164333,-0.0008942082817443575,Slight or No change
417,M&amp;M,EQ,2019-01-17,726.25,729.0,740.0,727.95,734.5,734.65,735.93,3318440,2442149574.8,75818,1406539,42.39,1,2019,928.8253929315695,0.011566265060240832,Slight or No change
418,M&amp;M,EQ,2019-01-18,734.65,734.5,737.9,728.0,735.0,734.95,734.38,1601885,1176386873.7,46979,765016,47.76,1,2019,928.4849950821397,0.0004083577213640499,Slight or No change
419,M&amp;M,EQ,2019-01-21,734.95,738.0,738.0,727.35,728.5,730.3,732.42,1341152,982281175.15,63509,631119,47.06,1,2019,928.194095150464,-0.006326961017756427,Slight or No change
420,M&amp;M,EQ,2019-01-22,730.3,727.7,727.7,705.15,707.75,708.5,710.0,5097285,3619052210.6,181942,2957797,58.03,1,2019,926.9752849549778,-0.02985074626865669,Slight or No change
421,M&amp;M,EQ,2019-01-23,708.5,708.5,709.75,693.6,694.1,695.85,701.71,4714919,3308485630.8,102997,2838591,60.2,1,2019,925.7952970780298,-0.01785462244177838,Slight or No change
422,M&amp;M,EQ,2019-01-24,695.85,699.0,700.05,686.05,697.7,697.3,693.18,3891245,2697317936.3,139092,1652540,42.47,1,2019,924.836568595961,0.002083782424372904,Slight or No change
423,M&amp;M,EQ,2019-01-25,697.3,702.0,703.5,681.0,683.55,683.5,691.37,3421228,2365337176.45,93204,1778103,51.97,1,2019,923.9495437937526,-0.01979062096658535,Slight or No change
424,M&amp;M,EQ,2019-01-28,683.5,683.5,683.5,667.5,677.0,673.05,674.68,5762442,3887813747.65,147294,3628459,62.97,1,2019,922.4058656049045,-0.015288953913679681,Slight or No change
425,M&amp;M,EQ,2019-01-29,673.05,671.95,676.9,661.6,670.5,669.65,670.85,4860919,3260964224.65,91419,3447171,70.92,1,2019,921.1008317150772,-0.0050516306366540364,Slight or No change
426,M&amp;M,EQ,2019-01-30,669.65,671.9,680.0,670.3,674.3,678.65,676.57,2738163,1852570002.5,80324,1748987,63.87,1,2019,920.3977207860889,0.013439856641529246,Slight or No change
427,M&amp;M,EQ,2019-01-31,678.65,678.0,683.0,672.75,680.75,680.05,678.2,3496189,2371113354.35,71265,2294016,65.61,1,2019,919.51103320316,0.00206291903042799,Slight or No change
428,M&amp;M,EQ,2019-02-01,680.05,689.0,715.4,680.55,687.3,688.4,698.0,8005192,5587596721.25,134142,3514791,43.91,2,2019,917.5751683796699,0.012278508933166732,Slight or No change
429,M&amp;M,EQ,2019-02-04,688.4,688.0,688.4,670.35,674.4,674.45,673.94,2652101,1787367972.2,106929,1366900,51.54,2,2019,916.9023481352632,-0.02026438117373608,Slight or No change
430,M&amp;M,EQ,2019-02-05,674.45,675.25,692.6,672.65,687.55,684.9,686.68,3550741,2438219651.9,78607,1999166,56.3,2,2019,916.0459330212876,0.015494106308844069,Slight or No change
431,M&amp;M,EQ,2019-02-06,684.9,687.9,698.25,682.05,695.85,695.1,690.76,2221744,1534695564.8,51777,1332950,60.0,2,2019,915.5367768453991,0.014892685063512934,Slight or No change
432,M&amp;M,EQ,2019-02-07,695.1,695.0,708.9,693.1,702.65,700.9,703.16,2710457,1905872145.25,59489,1457353,53.77,2,2019,914.9350513527709,0.00834412314774835,Slight or No change
433,M&amp;M,EQ,2019-02-08,700.9,702.0,706.7,678.55,680.95,682.1,691.22,10858152,7505415205.3,132982,4192960,38.62,2,2019,912.3491867975679,-0.026822656584391424,Slight or No change
434,M&amp;M,EQ,2019-02-11,682.1,669.4,673.4,645.2,650.0,647.55,656.37,7931599,5206029835.7,121657,3860397,48.67,2,2019,910.2182536157942,-0.050652397009236294,Slight or No change
435,M&amp;M,EQ,2019-02-12,647.55,647.0,657.8,644.0,647.6,648.7,651.06,3357448,2185899437.05,82413,1114742,33.2,2,2019,909.330429677397,0.0017759246390240957,Slight or No change
436,M&amp;M,EQ,2019-02-13,648.7,649.05,652.35,637.25,641.0,641.5,643.38,3420156,2200461521.05,78469,1568440,45.86,2,2019,908.407386415329,-0.011099121319562255,Slight or No change
437,M&amp;M,EQ,2019-02-14,641.5,640.7,642.4,632.3,634.45,634.4,636.83,3530468,2248301015.7,90591,2094516,59.33,2,2019,907.4360526209695,-0.011067809820732744,Slight or No change
438,M&amp;M,EQ,2019-02-15,634.4,635.0,636.9,618.8,627.55,627.55,624.19,5765467,3598766586.4,109033,3223476,55.91,2,2019,905.8250999277348,-0.010797604035308939,Slight or No change
440,M&amp;M,EQ,2019-02-18,627.55,630.0,630.0,615.6,623.4,624.7,622.0,4750172,2954603224.9,114858,2831118,59.6,2,2019,904.4982513270819,-0.004541470799139358,Slight or No change
441,M&amp;M,EQ,2019-02-19,624.7,627.0,642.0,625.25,634.25,632.6,635.52,3526711,2241278083.45,75842,1320765,37.45,2,2019,903.5488069473278,0.012646070113654595,Slight or No change
442,M&amp;M,EQ,2019-02-20,632.6,637.0,637.3,628.15,632.65,633.55,632.14,2369483,1497853331.25,69093,1114338,47.03,2,2019,902.9168449285685,0.0015017388555167432,Slight or No change
443,M&amp;M,EQ,2019-02-21,633.55,633.55,635.95,625.0,634.0,634.2,630.6,2813880,1774446447.0,80935,1070587,38.05,2,2019,902.1719920288584,0.0010259648015154,Slight or No change
444,M&amp;M,EQ,2019-02-22,634.2,635.0,648.6,632.25,646.25,646.6,643.82,4053346,2609638938.35,110200,2230475,55.03,2,2019,901.1555880394874,0.019552191737622238,Slight or No change
446,M&amp;M,EQ,2019-02-25,646.6,649.9,653.95,642.3,650.3,650.7,648.77,1863303,1208862120.8,47147,759667,40.77,2,2019,900.6985415433826,0.006340859882462135,Slight or No change
447,M&amp;M,EQ,2019-02-26,650.7,644.8,656.0,640.0,650.0,651.3,648.63,3862642,2505433881.65,81895,2552339,66.08,2,2019,899.7586348813279,0.0009220839096355515,Slight or No change
448,M&amp;M,EQ,2019-02-27,651.3,654.5,662.0,647.15,651.8,656.15,656.07,3193418,2095118303.6,90006,1839202,57.59,2,2019,899.0019696839821,0.007446645171196087,Slight or No change
449,M&amp;M,EQ,2019-02-28,656.15,663.75,663.75,642.5,645.55,645.9,650.02,3955320,2571050243.8,132951,2276765,57.56,2,2019,898.0319849920874,-0.01562142802712796,Slight or No change
450,M&amp;M,EQ,2019-03-01,645.9,650.0,652.0,641.0,648.9,649.7,646.84,3957539,2559875187.05,64075,1778738,44.95,3,2019,897.0833842501976,0.0058832636631058755,Slight or No change
451,M&amp;M,EQ,2019-03-05,649.7,649.85,657.9,642.05,656.0,656.75,651.53,6039244,3934719426.5,85721,3366367,55.74,3,2019,895.6905544815118,0.010851162074803744,Slight or No change
452,M&amp;M,EQ,2019-03-06,656.75,660.0,664.85,654.0,658.2,658.9,659.93,7495708,4946677794.5,56527,5369807,71.64,3,2019,893.9994685786033,0.00327369623144258,Slight or No change
453,M&amp;M,EQ,2019-03-07,658.9,661.7,677.5,654.2,671.8,671.8,667.85,8703088,5812326326.8,114638,4244663,48.77,3,2019,892.1721314362426,0.01957808468659894,Slight or No change
454,M&amp;M,EQ,2019-03-08,671.8,672.0,679.7,666.4,669.3,670.15,674.23,3877059,2614047947.1,89655,1542711,39.79,3,2019,891.3617064785188,-0.0024560881214646946,Slight or No change
455,M&amp;M,EQ,2019-03-11,670.15,671.95,683.85,671.5,680.5,681.05,680.24,4027884,2739928599.05,173201,2653621,65.88,3,2019,890.5671757188026,0.016265015295083174,Slight or No change
456,M&amp;M,EQ,2019-03-12,681.05,686.9,693.1,683.35,684.4,687.9,688.02,3876498,2667090076.2,96503,2369844,61.13,3,2019,889.8329710991881,0.010057998678511204,Slight or No change
457,M&amp;M,EQ,2019-03-13,687.9,688.4,689.4,681.25,683.9,684.2,685.04,1808059,1238591336.35,97174,1078276,59.64,3,2019,889.4861014680653,-0.0053786887629014846,Slight or No change
458,M&amp;M,EQ,2019-03-14,684.2,683.0,688.0,677.15,685.5,685.9,684.4,1901877,1301640260.0,40674,893157,46.96,3,2019,889.1255049179044,0.002484653610055343,Slight or No change
459,M&amp;M,EQ,2019-03-15,685.9,688.25,697.0,687.0,696.3,694.6,693.73,5208071,3613013972.6,97889,3362158,64.56,3,2019,888.1865535491614,0.012684064732468414,Slight or No change
460,M&amp;M,EQ,2019-03-18,694.6,696.0,704.2,682.05,685.0,685.4,690.91,3050835,2107854882.2,68984,1428776,46.83,3,2019,887.6147836671845,-0.013245033112582849,Slight or No change
461,M&amp;M,EQ,2019-03-19,685.4,686.0,693.8,675.1,690.95,689.4,683.82,2331409,1594265829.75,63255,1035119,44.4,3,2019,887.1886133916935,0.005836008170411411,Slight or No change
462,M&amp;M,EQ,2019-03-20,689.4,689.0,694.35,676.15,679.4,678.6,683.96,2369729,1620788086.4,45539,1235617,52.14,3,2019,886.7337616515424,-0.015665796344647487,Slight or No change
463,M&amp;M,EQ,2019-03-22,678.6,678.7,684.5,670.0,677.0,678.8,677.49,2770303,1876845712.7,75944,1375543,49.65,3,2019,886.2050399239346,0.00029472443265543546,Slight or No change
465,M&amp;M,EQ,2019-03-25,678.8,672.0,675.0,663.4,663.8,664.6,667.86,2337486,1561114189.55,46264,1395237,59.69,3,2019,885.7306092543934,-0.020919269298762422,Slight or No change
466,M&amp;M,EQ,2019-03-26,664.6,664.65,672.4,661.0,669.5,669.6,665.6,2434715,1620539232.8,50316,1087862,44.68,3,2019,885.2497243510269,0.007523322299127333,Slight or No change
467,M&amp;M,EQ,2019-03-27,669.6,672.05,672.65,658.55,659.0,660.05,664.74,2426853,1613229377.05,54499,1362207,56.13,3,2019,884.7513841159715,-0.014262246117084931,Slight or No change
468,M&amp;M,EQ,2019-03-28,660.05,659.05,662.75,653.6,655.2,655.95,657.01,3910004,2568928447.5,82032,2275510,58.2,3,2019,883.9385445132477,-0.00621165063252771,Slight or No change
469,M&amp;M,EQ,2019-03-29,655.95,659.6,675.75,657.75,675.0,673.9,670.41,3955604,2651873200.5,77983,2040132,51.58,3,2019,883.1863628468308,0.027364890616662807,Slight or No change
470,M&amp;M,EQ,2019-04-01,673.9,678.15,689.0,659.0,661.9,660.9,672.29,5458057,3669410945.45,105484,2508348,45.96,4,2019,882.0933605116219,-0.01929069594895383,Slight or No change
471,M&amp;M,EQ,2019-04-02,660.9,665.0,670.9,661.45,670.5,668.6,665.9,3802792,2532268767.6,79621,2090857,54.98,4,2019,881.3644539697164,0.011650779240429676,Slight or No change
472,M&amp;M,EQ,2019-04-03,668.6,672.8,676.75,656.9,659.65,658.45,666.6,2745080,1829882924.1,63426,1373180,50.02,4,2019,880.8164179431632,-0.015180975172001121,Slight or No change
473,M&amp;M,EQ,2019-04-04,658.45,661.0,662.7,651.2,653.05,653.35,653.98,3684739,2409737751.4,140982,1939503,52.64,4,2019,880.0682328472448,-0.007745462829372052,Slight or No change
474,M&amp;M,EQ,2019-04-05,653.35,657.5,663.0,654.0,658.1,658.2,657.1,2694077,1770290544.4,49092,1145003,42.5,4,2019,879.535944467358,0.007423280018366896,Slight or No change
475,M&amp;M,EQ,2019-04-08,658.2,660.4,668.35,658.3,666.65,667.0,665.36,3413270,2271066238.35,61854,1633176,47.85,4,2019,878.8918837336362,0.013369796414463675,Slight or No change
476,M&amp;M,EQ,2019-04-09,667.0,667.8,669.8,660.45,668.1,667.85,665.24,2401571,1597613046.35,57630,1030018,42.89,4,2019,878.4428666379001,0.001274362818590724,Slight or No change
477,M&amp;M,EQ,2019-04-10,667.85,672.6,675.0,663.1,669.95,670.25,670.25,2499060,1674987747.75,42442,909412,36.39,4,2019,877.9829481591788,0.00359362132215324,Slight or No change
478,M&amp;M,EQ,2019-04-11,670.25,669.3,679.75,669.3,674.0,672.75,674.24,4863931,3279446523.55,76629,3223064,66.26,4,2019,877.1043110531117,0.0037299515106303804,Slight or No change
479,M&amp;M,EQ,2019-04-12,672.75,674.0,679.5,667.55,677.95,678.2,672.42,3302657,2220761477.75,72678,2105838,63.76,4,2019,876.5277808347013,0.008101077666295087,Slight or No change
480,M&amp;M,EQ,2019-04-15,678.2,680.0,686.0,673.3,684.8,683.2,680.23,2408677,1638456274.95,66027,1230701,51.09,4,2019,876.1199593187988,0.007372456502506619,Slight or No change
481,M&amp;M,EQ,2019-04-16,683.2,687.25,695.5,684.8,689.8,688.1,690.06,3002929,2072196426.4,118023,1851002,61.64,4,2019,875.6267790856976,0.0071721311475410054,Slight or No change
482,M&amp;M,EQ,2019-04-18,688.1,689.6,691.95,681.25,682.05,684.65,685.38,2996875,2054008350.05,110035,1887219,62.97,4,2019,875.1281582123316,-0.005013806132829646,Slight or No change
483,M&amp;M,EQ,2019-04-22,684.65,681.0,685.75,670.9,673.0,673.4,676.31,1483513,1003321080.8,66302,837151,56.43,4,2019,874.8677718697388,-0.016431753450668274,Slight or No change
484,M&amp;M,EQ,2019-04-23,673.4,671.0,675.85,663.75,665.0,665.75,666.77,3248237,2165839720.2,69266,2336334,71.93,4,2019,874.2784218705831,-0.011360261360261359,Slight or No change
485,M&amp;M,EQ,2019-04-24,665.75,668.0,669.2,662.25,669.0,668.15,665.49,2247998,1496019357.75,98363,1351604,60.12,4,2019,873.8771652623535,0.0036049568156213407,Slight or No change
486,M&amp;M,EQ,2019-04-25,668.15,671.8,673.0,664.0,665.0,665.15,665.64,3169504,2109735260.95,94312,2106803,66.47,4,2019,873.3058598420196,-0.004490009728354449,Slight or No change
487,M&amp;M,EQ,2019-04-26,665.15,666.6,668.4,651.5,658.4,659.45,660.65,3632433,2399750707.3,93699,2302967,63.4,4,2019,872.6371208562006,-0.008569495602495536,Slight or No change
488,M&amp;M,EQ,2019-04-30,659.45,659.7,662.2,640.0,646.0,645.3,647.06,5042085,3262508295.35,113311,3772373,74.82,4,2019,871.6546099464312,-0.021457275001895648,Slight or No change
489,M&amp;M,EQ,2019-05-02,645.3,646.0,660.7,635.2,645.05,645.9,648.0,3007579,1948923880.95,64274,1487887,49.47,5,2019,871.0741230949274,0.0009298000929800487,Slight or No change
490,M&amp;M,EQ,2019-05-03,645.9,645.05,652.5,642.85,645.0,645.8,645.86,2330580,1505232409.55,85881,1474170,63.25,5,2019,870.6261524466064,-0.0001548227279765113,Slight or No change
491,M&amp;M,EQ,2019-05-06,645.8,640.0,645.0,635.1,638.0,638.5,639.27,1498420,957893988.95,48879,840152,56.07,5,2019,870.3297532852921,-0.011303809228863315,Slight or No change
492,M&amp;M,EQ,2019-05-07,638.5,641.75,642.9,634.2,635.55,636.0,637.64,3160875,2015495799.75,72445,2366596,74.87,5,2019,869.7002675868335,-0.003915426781519238,Slight or No change
493,M&amp;M,EQ,2019-05-08,636.0,635.55,637.0,619.0,624.6,621.65,631.73,3853705,2434492250.95,51461,3092701,80.25,5,2019,868.8905208117807,-0.02256289308176107,Slight or No change
494,M&amp;M,EQ,2019-05-09,621.65,620.9,627.95,616.1,625.8,625.45,621.74,1366143,849379616.5,52412,538598,39.42,5,2019,868.609124893497,0.006112764417276706,Slight or No change
495,M&amp;M,EQ,2019-05-10,625.45,626.25,631.85,619.0,625.85,628.75,624.59,2093110,1307326445.6,55778,1074491,51.33,5,2019,868.1850831591322,0.005276201135182568,Slight or No change
496,M&amp;M,EQ,2019-05-13,628.75,628.7,628.7,615.0,616.9,617.6,621.36,1463136,909129582.9,43320,896064,61.24,5,2019,867.8757946040095,-0.017733598409542695,Slight or No change
